Name,Pos,Team,Year,Games Plyd,Rush,Rush Yards,Rush TD,Target,Catch,Catch yards,Catch TD,Pass,Complete,Pass Yards,Pass TD,Int,Fum
"Adams, Davante",WR,GB,2014,16,,,,66,38,446,3,,,,,,
"Adams, Joe",WR,CAR,2012,9,3,13,,1,1,7,,,,,,,3
"Adams, Kris",WR,IND,2012,3,,,,8,2,26,,,,,,,
"Adams, Kyle",TE,CHI,2012,15,,,,8,4,40,,,,,,,
"Adams, Kyle",TE,CHI,2013,6,,,,,,,,,,,,,
"Agnew, Ray",RB,CLE,2014,12,2,2,,9,3,15,,,,,,,
"Aiken, Kamar",WR,BAL,2014,16,,,,33,24,267,3,,,,,,
"Ajirotutu, Seyi",WR,SDC,2012,3,,,,4,3,45,,,,,,,
"Ajirotutu, Seyi",WR,SD,2013,14,,,,4,3,64,1,,,,,,
"Ajirotutu, Seyi",WR,SD,2014,16,,,,12,4,45,,,,,,,
"Alexander, Danario",WR,SDC,2012,10,,,,62,37,658,7,,,,,,
"Allen, Anthony",RB,BAL,2012,16,16,61,1,4,2,12,,,,,,,
"Allen, Armando",RB,CHI,2012,15,27,124,1,3,2,16,,,,,,,
"Allen, Dwayne",TE,IND,2012,16,3,5,,66,45,521,3,,,,,,
"Allen, Dwayne",TE,IND,2013,1,,,,2,1,20,1,,,,,,
"Allen, Dwayne",TE,IND,2014,13,,,,50,29,395,8,,,,,,
"Allen, Keenan",WR,SD,2013,15,,,,104,71,1046,8,,,,,,2
"Allen, Keenan",WR,SD,2014,14,,,,121,77,783,4,,,,,,2
"Amaro, Jace",TE,NYJ,2014,14,,,,53,38,345,2,,,,,,
"Amendola, Danny",WR,STL,2012,11,2,8,,101,63,666,3,,,,,,2
"Amendola, Danny",WR,NE,2013,12,1,1,,83,54,633,2,,,,,,
"Amendola, Danny",WR,NE,2014,16,,,,41,27,200,1,,,,,,
"Anderson, C.J.",RB,DEN,2013,4,7,38,,1,0,0,,,,,,,
"Anderson, C.J.",RB,DEN,2014,15,179,849,8,44,34,324,2,,,,,,
"Anderson, Derek",QB,CAR,2012,2,,,,,,,,4,4,58,,,
"Anderson, Derek",QB,CAR,2013,4,5,0,,,,,,,,,,,
"Anderson, Derek",QB,CAR,2014,6,8,24,,,,,,97,65,701,5,,
"Anderson, Joseph",WR,CHI,2013,6,,,,1,0,0,,,,,,,
"Andrews, Antonio",RB,TEN,2014,4,,,,2,2,11,,,,,,,
"Archer, Dri",RB,PIT,2014,12,10,40,,10,7,23,,,,,,,
"Armstrong, Anthony",WR,MIA,2012,6,,,,9,3,12,,,,,,,
"Aromashodu, Devin",WR,MIN,2012,15,,,,22,11,182,,,,,,,
"Asiata, Matt",RB,MIN,2012,16,3,9,,1,1,2,,,,,,,
"Asiata, Matt",RB,MIN,2013,11,44,166,3,8,5,13,,,,,,,1
"Asiata, Matt",RB,MIN,2014,15,164,570,9,63,44,312,1,,,,,,1
"Ausberry, David",TE,OAK,2012,16,,,,12,7,92,,,,,,,
"Ausberry, David",TE,OAK,2014,6,,,,4,2,14,,,,,,,
"Austin, Miles",WR,DAL,2012,16,,,,119,66,943,6,,,,,,1
"Austin, Miles",WR,DAL,2013,11,,,,49,24,244,,,,,,,
"Austin, Miles",WR,CLE,2014,12,,,,72,47,568,2,,,,,,
"Austin, Tavon",WR,STL,2013,13,9,151,1,69,40,418,4,,,,,,1
"Austin, Tavon",WR,STL,2014,15,36,224,2,44,31,242,,,,,,,
"Avant, Jason",WR,PHI,2012,14,,,,76,53,648,,,,,,,
"Avant, Jason",WR,PHI,2013,16,,,,76,38,447,2,,,,,,1
"Avant, Jason",WR,CAR,2014,16,1,1,,61,34,353,1,,,,,,
"Avery, Donnie",WR,IND,2012,16,4,9,,124,60,781,3,,,,,,
"Avery, Donnie",WR,KC,2013,16,2,6,,71,40,596,2,,,,,,1
"Avery, Donnie",WR,KC,2014,6,,,,26,15,176,,,,,,,1
"Bailey, Stedman",WR,STL,2013,16,2,33,1,25,17,226,,,,,,,
"Bailey, Stedman",WR,STL,2014,14,1,13,,46,30,435,1,,,,,,
"Bajema, Billy",TE,BAL,2012,8,,,,1,0,0,,,,,,,
"Bajema, Billy",TE,BAL,2013,6,,,,2,2,18,,,,,,,
"Baker, Edwin",RB,CLE,2013,3,43,171,2,9,8,57,,,,,,,
"Baker, Edwin",RB,NO,2014,3,1,2,,,,,,,,,,,
"Baldwin, Doug",WR,SEA,2012,14,,,,50,29,366,3,,,,,,
"Baldwin, Doug",WR,SEA,2013,16,2,6,,73,50,778,5,,,,,,
"Baldwin, Doug",WR,SEA,2014,16,1,8,,98,66,825,3,,,,,,
"Baldwin, Jon",WR,SF,2013,7,,,,9,3,28,,,,,,,
"Baldwin, Jonathan",WR,KCC,2012,15,,,,47,20,325,1,,,,,,
"Ball, Lance",RB,DEN,2012,15,42,158,1,11,7,61,1,,,,,,1
"Ball, Montee",RB,DEN,2013,16,120,559,4,27,20,145,,,,,,,3
"Ball, Montee",RB,DEN,2014,5,55,172,1,13,9,62,,,,,,,1
"Ballard, Jake",TE,ARI,2013,8,,,,9,7,75,2,,,,,,
"Ballard, Vick",RB,IND,2012,16,211,814,2,27,17,152,1,,,,,,
"Ballard, Vick",RB,IND,2013,1,13,63,,2,1,-5,,,,,,,
"Banks, Brandon",WR,WAS,2012,12,7,36,,8,8,15,,,,,,,
"Banyard, Joe",RB,MIN,2014,28,8,43,,6,6,42,,,,,,,
"Barden, Ramses",WR,NYG,2012,12,,,,21,14,220,,,,,,,
"Barkley, Matt",QB,PHI,2013,3,2,-2,,,,,,49,30,300,,4,1
"Barkley, Matt",QB,PHI,2014,1,3,0,,,,,,1,0,0,,,
"Barner, Kenjon",RB,CAR,2013,8,6,7,,3,2,7,,,,,,,
"Barnidge, Gary",TE,CAR,2012,16,,,,6,6,78,1,,,,,,
"Barnidge, Gary",TE,CLE,2013,16,,,,18,13,127,2,,,,,,
"Barnidge, Gary",TE,CLE,2014,13,,,,25,13,156,,,,,,,
"Batch, Baron",RB,PIT,2012,12,25,49,1,5,4,31,,,,,,,
"Batch, Charlie",QB,PIT,2012,2,,,,,,,,70,45,475,1,4,
"Battle, Jackie",RB,SDC,2012,16,95,311,3,15,15,108,1,,,,,,
"Battle, Jackie",RB,TEN,2013,16,36,142,1,5,4,36,,,,,,,
"Battle, Jackie",RB,TEN,2014,16,5,9,1,5,5,28,,,,,,,
"Beasley, Cole",WR,DAL,2012,10,,,,24,15,128,,,,,,,
"Beasley, Cole",WR,DAL,2013,14,,,,54,39,368,2,,,,,,
"Beasley, Cole",WR,DAL,2014,16,,,,49,37,420,4,,,,,,2
"Beckham, Odell",WR,NYG,2014,12,7,35,,130,91,1305,12,,,,,,1
"Beckum, Travis",TE,NYG,2012,4,,,,1,0,0,,,,,,,
"Bell, Joique",RB,DET,2012,16,82,414,3,69,52,485,,,,,,,2
"Bell, Joique",RB,DET,2013,16,166,650,8,69,53,547,,,,,,,3
"Bell, Joique",RB,DET,2014,15,223,860,7,53,34,322,1,,,,,,1
"Bell, Kahlil",RB,CHI,2012,7,29,76,,2,2,13,,,,,,,1
"Bell, Kahlil",RB,GB,2013,3,,,,,,,,,,,,,
"Bell, Le'Veon",RB,PIT,2013,13,244,860,8,66,45,399,,,,,,,1
"Bell, Le'Veon",RB,PIT,2014,16,290,1361,8,105,83,854,3,,,,,,
"Bellamy, Josh",WR,WAS,2013,5,,,,,,,,,,,,,
"Bellamy, Josh",WR,CHI,2014,4,,,,1,0,0,,,,,,,
"Benjamin, Kelvin",WR,CAR,2014,16,,,,145,73,1008,9,,,,,,1
"Benjamin, Travis",WR,CLE,2012,14,6,66,,37,18,298,2,,,,,,1
"Benjamin, Travis",WR,CLE,2013,8,1,45,,13,5,105,,,,,,,1
"Benjamin, Travis",WR,CLE,2014,13,3,11,,40,16,296,3,,,,,,
"Benn, Arrelious",WR,TBB,2012,8,3,16,,6,4,26,,,,,,,
"Bennett, Earl",WR,CHI,2012,12,,,,49,29,375,2,,,,,,
"Bennett, Earl",WR,CHI,2013,15,,,,43,32,243,4,,,,,,
"Bennett, Martellus",TE,NYG,2012,16,,,,90,55,626,5,,,,,,
"Bennett, Martellus",TE,CHI,2013,16,,,,94,65,759,5,,,,,,1
"Bennett, Martellus",TE,CHI,2014,16,,,,128,90,916,6,,,,,,
"Benson, Cedric",RB,GBP,2012,5,71,248,1,15,14,97,,,,,,,
"Bernard, Giovani",RB,CIN,2013,16,170,695,5,71,56,514,3,,,,,,1
"Bernard, Giovani",RB,CIN,2014,13,168,680,5,59,43,349,2,,,,,,
"Bersin, Brenton",WR,CAR,2014,15,,,,20,13,151,1,,,,,,
"Bess, Davone",WR,MIA,2012,13,,,,105,61,778,1,,,,,,
"Bess, Davone",WR,CLE,2013,14,,,,86,42,362,2,,,,,,1
"Binns, Armon",WR,CIN,2012,11,,,,40,24,277,1,,,,,,1
"Blackmon, Justin",WR,JAC,2012,16,2,23,,132,64,865,5,,,,,,
"Blackmon, Justin",WR,JAC,2013,4,1,-1,,48,29,415,1,,,,,,
"Blount, LeGarrette",RB,TBB,2012,13,41,151,2,2,1,2,,,,,,,
"Blount, LeGarrette",RB,NE,2013,16,153,772,7,5,2,38,,,,,,,2
"Blount, LeGarrette",RB,PIT,2014,16,125,547,5,12,10,54,,,,,,,1
"Blue, Alfred",RB,HOU,2014,16,169,528,2,18,15,113,1,,,,,,
"Bohanon, Tommy",RB,NYJ,2013,16,17,62,,16,11,69,,,,,,,
"Bohanon, Tommy",RB,NYJ,2014,4,1,3,,2,2,30,,,,,,,
"Bolden, Brandon",RB,NEP,2012,10,56,274,2,2,2,11,,,,,,,
"Bolden, Brandon",RB,NE,2013,12,55,271,3,29,21,152,,,,,,,
"Bolden, Brandon",RB,NE,2014,16,28,89,1,6,2,8,,,,,,,
"Boldin, Anquan",WR,BAL,2012,15,1,3,,112,65,921,4,,,,,,
"Boldin, Anquan",WR,SF,2013,16,2,11,,129,85,1179,7,,,,,,
"Boldin, Anquan",WR,SF,2014,16,1,4,,131,83,1062,5,,,,,,
"Bortles, Blake",QB,JAC,2014,14,56,419,,,,,,475,280,2908,11,17,1
"Boss, Kevin",TE,KCC,2012,2,,,,3,3,65,1,,,,,,
"Bostick, Brandon",TE,GB,2013,11,,,,14,7,120,1,,,,,,
"Bostick, Brandon",TE,GB,2014,13,,,,4,2,3,1,,,,,,
"Bowe, Dwayne",WR,KCC,2012,13,,,,114,59,801,3,,,,,,1
"Bowe, Dwayne",WR,KC,2013,15,,,,103,57,673,5,,,,,,
"Bowe, Dwayne",WR,KC,2014,15,,,,95,60,754,,,,,,,
"Boyce, Josh",WR,NE,2013,9,,,,19,9,121,,,,,,,
"Boykin, Jarrett",WR,GB,2013,16,,,,83,49,681,3,,,,,,
"Boykin, Jarrett",WR,GB,2014,13,,,,12,3,23,,,,,,,
"Bradford, Sam",QB,STL,2012,16,37,127,1,,,,,551,328,3702,21,13,1
"Bradford, Sam",QB,STL,2013,7,15,31,,,,,,262,159,1687,14,4,1
"Bradshaw, Ahmad",RB,NYG,2012,14,221,1015,6,31,23,245,,,,,,,3
"Bradshaw, Ahmad",RB,IND,2013,3,41,186,2,6,7,42,,,,,,,
"Bradshaw, Ahmad",RB,IND,2014,10,90,425,2,47,38,300,6,,,,,,2
"Brady, Tom",QB,NEP,2012,16,23,32,4,,,,,637,401,4827,34,8,
"Brady, Tom",QB,NE,2013,16,32,18,,,,,,628,380,4343,25,11,3
"Brady, Tom",QB,NE,2014,16,36,57,,,,,,582,373,4109,33,9,3
"Branch, Deion",WR,NEP,2012,10,,,,29,16,145,,,,,,,
"Brate, Cameron",TE,TB,2014,5,,,,1,1,17,,,,,,,
"Brazill, LaVon",WR,IND,2012,15,,,,24,11,186,1,,,,,,1
"Brazill, LaVon",WR,IND,2013,10,,,,27,12,161,2,,,,,,
"Breaston, Steve",WR,KCC,2012,10,,,,15,7,74,,,,,,,
"Brees, Drew",QB,NOS,2012,16,15,5,1,,,,,670,422,5177,43,19,1
"Brees, Drew",QB,NO,2013,16,35,52,3,,,,,650,446,5162,39,12,2
"Brees, Drew",QB,NO,2014,16,27,68,1,,,,,659,456,4952,33,17,3
"Bridgewater, Teddy",QB,MIN,2014,13,47,209,1,,,,,402,259,2919,14,12,
"Brinkley, Curtis",RB,SDC,2012,10,39,115,,15,12,77,,,,,,,
"Briscoe, Dezmon",WR,WAS,2012,7,1,1,,5,2,22,,,,,,,
"Britt, Kenny",WR,TEN,2012,14,,,,90,45,589,4,,,,,,1
"Britt, Kenny",WR,TEN,2013,12,,,,35,11,96,,,,,,,
"Britt, Kenny",WR,STL,2014,16,2,14,,84,48,748,3,,,,,,
"Brock, Kevin",TE,KC,2013,4,,,,6,3,36,,,,,,,
"Brock, Kevin",TE,CIN,2014,14,,,,6,5,21,,,,,,,
"Brockel, Richie",TE,CAR,2012,16,,,,1,0,0,,,,,,,
"Brockel, Richie",TE,CAR,2013,16,1,1,,1,1,12,,,,,,,1
"Brown, Andre",RB,NYG,2012,10,73,385,8,17,12,86,,,,,,,
"Brown, Andre",RB,NYG,2013,8,139,492,3,29,20,103,,,,,,,3
"Brown, Antonio",WR,PIT,2012,13,7,24,,106,66,787,5,,,,,1,2
"Brown, Antonio",WR,PIT,2013,16,7,4,,163,110,1499,8,,,,,,
"Brown, Antonio",WR,PIT,2014,16,4,13,,181,129,1698,13,,,,,,2
"Brown, Bryce",RB,PHI,2012,16,115,564,4,19,13,56,,,,,,,3
"Brown, Bryce",RB,PHI,2013,16,75,314,2,13,8,84,,,,,,,
"Brown, Bryce",RB,BUF,2014,7,36,126,,25,16,176,,,,,,,1
"Brown, Donald",RB,IND,2012,10,108,417,1,13,9,93,,,,,,,
"Brown, Donald",RB,IND,2013,16,102,537,6,35,27,214,2,,,,,,
"Brown, Donald",RB,SD,2014,13,84,225,,41,29,211,,,,,,,
"Brown, Jaron",WR,ARI,2014,16,,,,32,22,229,2,,,,,,
"Brown, John",WR,ARI,2014,16,3,-6,,102,48,696,5,,,,,,
"Brown, Justin",WR,PIT,2014,8,,,,21,12,94,,,,,,,1
"Brown, Marlon",WR,BAL,2013,14,1,-2,,82,49,524,7,,,,,,
"Brown, Marlon",WR,BAL,2014,14,,,,31,24,255,,,,,,,
"Brown, Mike",WR,JAC,2012,2,,,,1,0,0,,,,,,,
"Brown, Mike",WR,JAC,2013,11,,,,56,32,446,2,,,,,,1
"Brown, Mike",WR,JAC,2014,5,,,,15,7,88,,,,,,,1
"Brown, Philly",WR,CAR,2014,13,8,95,,36,21,296,2,,,,,,1
"Brown, Ronnie",RB,SDC,2012,14,46,220,,59,49,371,,,,,,,
"Brown, Ronnie",RB,SD,2013,16,45,157,1,8,8,60,,,,,,,
"Brown, Ronnie",RB,HOU,2014,9,20,63,,8,5,44,,,,,,,
"Brown, Vincent",WR,SD,2013,16,,,,69,41,472,1,,,,,,
"Brown, Vincent",WR,OAK,2014,7,,,,21,12,118,,,,,,,
"Broyles, Ryan",WR,DET,2012,10,,,,32,22,310,2,,,,,,
"Broyles, Ryan",WR,DET,2013,6,,,,14,8,85,,,,,,,
"Broyles, Ryan",WR,DET,2014,5,,,,5,2,25,,,,,,,
"Bryant, Dez",WR,DAL,2012,16,2,-5,,138,92,1382,12,,,,,,2
"Bryant, Dez",WR,DAL,2013,16,1,1,,159,93,1233,13,,,,,,1
"Bryant, Dez",WR,DAL,2014,16,,,,136,88,1320,16,,,,,,
"Bryant, Martavis",WR,PIT,2014,10,3,12,,48,26,549,8,,,,,,
"Burkhead, Rex",RB,CIN,2013,1,,,,,,,,,,,,,
"Burkhead, Rex",RB,CIN,2014,9,9,27,1,10,7,49,,,,,,,
"Burleson, Nate",WR,DET,2012,6,8,48,,43,27,240,2,,,,,,
"Burleson, Nate",WR,DET,2013,9,2,-8,,55,39,461,1,,,,,,
"Burress, Plaxico",WR,PIT,2012,4,,,,7,3,42,1,,,,,,
"Burse, Isaiah",WR,DEN,2014,12,,,,1,0,0,,,,,,,1
"Burton, Stephen",WR,MIN,2012,11,,,,10,5,35,1,,,,,,
"Burton, Stephen",WR,JAC,2013,4,1,-9,,13,8,76,,,,,,,
"Burton, Trey",TE,PHI,2014,15,5,10,,,,,,,,,,,
"Bush, Michael",RB,CHI,2012,13,114,411,5,11,9,83,,,,,,,1
"Bush, Michael",RB,CHI,2013,15,63,197,3,8,4,48,1,,,,,,
"Bush, Reggie",RB,MIA,2012,16,227,986,6,52,35,292,2,,,,,,2
"Bush, Reggie",RB,DET,2013,14,223,1006,4,80,54,506,3,,,,,,4
"Bush, Reggie",RB,DET,2014,11,76,297,2,56,40,253,,,,,,,
"Butler, Brice",WR,OAK,2013,10,,,,17,9,103,,,,,,,
"Butler, Brice",WR,OAK,2014,15,,,,35,21,280,2,,,,,,
"Byham, Nate",TE,TBB,2012,11,,,,4,3,18,1,,,,,,
"Byham, Nate",TE,TB,2013,4,,,,3,3,38,,,,,,,
"Byrd, LaRon",WR,ARI,2012,4,,,,2,1,8,,,,,,,
"Byrne, Jake",TE,HOU,2013,7,,,,,,,,,,,,,
"Cadet, Travaris",RB,NOS,2012,13,1,5,,8,5,44,,,,,,,1
"Cadet, Travaris",RB,NO,2013,13,,,,2,2,5,1,,,,,,
"Cadet, Travaris",RB,NO,2014,15,10,32,,51,38,296,1,,,,,,2
"Caldwell, Andre",WR,DEN,2012,8,1,14,,4,1,18,,,,,,,
"Caldwell, Andre",WR,DEN,2013,16,1,7,,29,16,200,3,,,,,,
"Caldwell, Andre",WR,DEN,2014,16,,,,15,5,47,,,,,,,
"Camarillo, Greg",WR,NOS,2012,5,,,,5,4,44,,,,,,,
"Cameron, Jordan",TE,CLE,2012,14,,,,40,20,226,1,,,,,,
"Cameron, Jordan",TE,CLE,2013,15,,,,118,80,917,7,,,,,,
"Cameron, Jordan",TE,CLE,2014,10,,,,48,24,424,2,,,,,,
"Campanaro, Michael",WR,BAL,2014,4,,,,9,7,102,1,,,,,,
"Campbell, Jason",QB,CHI,2012,6,7,28,,,,,,51,32,265,2,2,
"Campbell, Jason",QB,CLE,2013,9,14,107,,,,,,316,180,2015,11,7,2
"Campbell, Jason",QB,CIN,2014,4,1,1,,,,,,19,11,74,,,1
"Campbell, Michael",WR,NYJ,2013,4,,,,2,0,0,,,,,,,
"Carey, Ka'Deem",RB,CHI,2014,14,36,158,,6,5,57,,,,,,,
"Carlson, John",TE,MIN,2012,14,,,,14,8,43,,,,,,,
"Carlson, John",TE,MIN,2013,13,,,,48,32,344,1,,,,,,1
"Carlson, John",TE,ARI,2014,16,,,,55,33,350,1,,,,,,
"Carr, David",QB,NYG,2012,2,3,-3,,,,,,3,2,19,,,
"Carr, Derek",QB,OAK,2014,16,29,92,,,,,,599,348,3270,21,12,4
"Carrier, Derek",TE,SF,2013,5,,,,,,,,,,,,,
"Carrier, Derek",TE,SF,2014,11,1,2,,14,9,105,,,,,,,
"Carter, Delone",RB,IND,2012,10,32,122,3,2,1,13,,,,,,,
"Casey, James",TE,HOU,2012,16,1,6,,45,34,330,3,,,,,,
"Casey, James",TE,PHI,2013,15,,,,6,3,31,,,,,,,
"Casey, James",TE,PHI,2014,16,,,,3,3,59,2,,,,,,
"Cassel, Matt",QB,KCC,2012,9,27,145,1,,,,,277,161,1796,6,12,7
"Cassel, Matt",QB,MIN,2013,9,18,57,1,,,,,254,153,1807,11,9,1
"Cassel, Matt",QB,MIN,2014,3,9,18,,,,,,71,41,425,3,4,
"Celek, Brent",TE,PHI,2012,15,,,,88,57,684,1,,,,,,1
"Celek, Brent",TE,PHI,2013,16,,,,51,32,502,6,,,,,,1
"Celek, Brent",TE,PHI,2014,16,,,,52,32,340,1,,,,,,1
"Celek, Garrett",TE,SFO,2012,13,,,,7,4,51,,,,,,,
"Celek, Garrett",TE,SF,2013,12,,,,4,2,38,,,,,,,
"Celek, Garrett",TE,SF,2014,3,,,,2,2,53,,,,,,,
"Chandler, Scott",TE,BUF,2012,15,,,,74,43,571,6,,,,,,1
"Chandler, Scott",TE,BUF,2013,16,,,,81,53,655,2,,,,,,1
"Chandler, Scott",TE,BUF,2014,16,,,,70,47,497,3,,,,,,
"Chapas, Shaun",RB,DET,2012,3,,,,2,1,6,,,,,,,
"Charles, Jamaal",RB,KCC,2012,16,285,1509,5,48,35,236,1,,,,,,3
"Charles, Jamaal",RB,KC,2013,15,259,1287,12,104,70,693,7,,,,,,2
"Charles, Jamaal",RB,KC,2014,15,206,1033,9,59,40,291,5,,,,,,3
"Charles, Orson",TE,CIN,2012,16,,,,10,8,101,,,,,,,
"Choice, Tashard",RB,BUF,2012,11,47,193,1,9,4,9,,,,,,,
"Choice, Tashard",RB,BUF,2013,15,46,170,,9,5,15,,,,,,,
"Clark, Dallas",TE,TBB,2012,16,,,,75,47,435,4,,,,,,
"Clark, Dallas",TE,BAL,2013,12,,,,52,31,343,3,,,,,,
"Clausen, Jimmy",QB,CHI,2014,4,3,9,,,,,,48,26,223,2,1,
"Clay, Charles",RB,MIA,2012,14,,,,33,18,212,2,,,,,,
"Clay, Charles",TE,MIA,2013,16,7,15,1,100,69,759,6,,,,,,
"Clay, Charles",TE,MIA,2014,14,,,,84,58,605,3,,,,,,
"Clemens, Kellen",QB,STL,2012,2,2,5,,,,,,3,1,39,,1,
"Clemens, Kellen",QB,STL,2013,10,23,64,,,,,,242,142,1673,8,7,4
"Clemens, Kellen",QB,SD,2014,2,,,,,,,,3,1,10,,,
"Clemons, Toney",WR,JAC,2012,4,,,,11,3,41,,,,,,,
"Cleveland, Asante",TE,SF,2014,6,,,,1,0,0,,,,,,,
"Clutts, Tyler",RB,MIA,2013,8,,,,2,1,4,,,,,,,1
"Clutts, Tyler",RB,DAL,2014,16,,,,1,1,1,,,,,,,
"Cobb, Randall",WR,GBP,2012,15,10,132,,104,80,954,8,,,,,,1
"Cobb, Randall",WR,GB,2013,6,4,78,,47,31,433,4,,,,,,
"Cobb, Randall",WR,GB,2014,16,11,37,,127,91,1287,12,,,,,,2
"Coffman, Chase",WR,ATL,2012,5,,,,1,1,11,,,,,,,
"Coffman, Chase",TE,ATL,2013,10,,,,2,0,0,,,,,,,
"Coffman, Chase",TE,TEN,2014,13,,,,14,6,64,1,,,,,,
"Coleman, Derrick",RB,SEA,2013,12,2,3,,8,8,62,1,,,,,,
"Coleman, Derrick",RB,SEA,2014,5,,,,2,2,29,1,,,,,,
"Collie, Austin",WR,IND,2012,1,,,,1,1,6,,,,,,,
"Collie, Austin",WR,NE,2013,7,,,,11,6,63,,,,,,,
"Collins, Jed",RB,NOS,2012,15,,,,16,14,70,2,,,,,,1
"Collins, Jed",RB,NO,2013,16,15,45,1,18,14,54,,,,,,,
"Collins, Jed",RB,DET,2014,16,8,19,,6,5,39,1,,,,,,
"Colston, Marques",WR,NOS,2012,16,,,,130,83,1154,10,,,,,,2
"Colston, Marques",WR,NO,2013,15,,,,111,75,943,5,,,,,,
"Colston, Marques",WR,NO,2014,16,,,,99,59,902,5,,,,,,1
"Cone, Kevin",WR,ATL,2012,12,,,,1,0,0,,,,,,,
"Cone, Kevin",WR,ATL,2013,16,,,,1,1,12,,,,,,,
"Conner, John",RB,NYJ,2012,5,,,,2,0,0,,,,,,,
"Conner, John",RB,NYG,2013,13,,,,11,6,31,,,,,,,
"Conner, John",RB,NYJ,2014,12,6,20,,3,2,35,1,,,,,,
"Cook, Jared",TE,TEN,2012,13,,,,72,44,523,4,,,,,,1
"Cook, Jared",TE,STL,2013,16,,,,85,51,671,5,,,,,,1
"Cook, Jared",TE,STL,2014,16,1,0,,93,52,634,3,,,,,,
"Cooks, Brandin",WR,NO,2014,10,7,73,1,69,53,550,3,,,,,,
"Cooley, Chris",TE,WAS,2012,9,,,,3,1,8,,,,,,,
"Cooper, Josh",WR,CLE,2012,6,,,,18,8,106,,,,,,,
"Cooper, Josh",WR,CLE,2013,5,,,,14,9,60,,,,,,,
"Cooper, Riley",WR,PHI,2012,11,,,,47,23,248,3,,,,,,
"Cooper, Riley",WR,PHI,2013,16,,,,83,47,835,8,,,,,,
"Cooper, Riley",WR,PHI,2014,16,,,,94,55,577,3,,,,,,1
"Copper, Terrance",WR,KCC,2012,15,1,1,,12,8,79,,,,,,,
"Cotchery, Jerricho",WR,PIT,2012,14,,,,27,17,205,,,,,,,
"Cotchery, Jerricho",WR,PIT,2013,16,1,-5,,76,46,602,10,,,,,,
"Cotchery, Jerricho",WR,CAR,2014,15,,,,78,48,580,1,,,,,,
"Cousins, Kirk",QB,WAS,2012,3,3,22,,,,,,48,33,466,4,3,
"Cousins, Kirk",QB,WAS,2013,5,4,14,,,,,,155,81,854,4,7,2
"Cousins, Kirk",QB,WAS,2014,6,7,20,,,,,,204,126,1710,10,9,2
"Cox, Michael",RB,NYG,2013,14,22,43,,3,3,12,,,,,,,
"Cox, Michael",RB,NYG,2014,4,4,33,,3,2,9,,,,,,,
"Cox, Mike",RB,ATL,2012,8,,,,3,3,22,,,,,,,
"Crabtree, Michael",WR,SFO,2012,16,1,8,,127,85,1105,9,,,,,,
"Crabtree, Michael",WR,SF,2013,5,,,,33,19,284,1,,,,,,
"Crabtree, Michael",WR,SF,2014,16,1,4,,108,68,698,4,,,,,,
"Crabtree, Tom",TE,GBP,2012,14,,,,12,8,203,3,,,,,,
"Crabtree, Tom",TE,TB,2013,7,,,,7,4,21,1,,,,,,
"Cribbs, Josh",WR,CLE,2012,16,6,42,,11,7,63,,,,,,,3
"Cribbs, Josh",WR,NYJ,2013,6,13,55,,2,2,6,,,,,,,
"Cribbs, Josh",WR,IND,2014,6,,,,1,1,8,,,,,,,
"Criner, Juron",WR,OAK,2012,12,,,,33,16,151,1,,,,,,
"Criner, Juron",WR,OAK,2013,1,,,,8,3,32,,,,,,,
"Crowell, Isaiah",RB,CLE,2014,16,148,607,8,14,9,87,,,,,,,2
"Cruz, Victor",WR,NYG,2012,16,,,,143,86,1092,10,,,,,,
"Cruz, Victor",WR,NYG,2013,14,,,,122,73,998,4,,,,,,1
"Cruz, Victor",WR,NYG,2014,6,,,,41,23,337,1,,,,,,
"Cumberland, Jeff",TE,NYJ,2012,15,,,,53,29,359,3,,,,,,
"Cumberland, Jeff",TE,NYJ,2013,15,,,,40,26,398,4,,,,,,
"Cumberland, Jeff",TE,NYJ,2014,16,,,,47,23,247,3,,,,,,
"Cunningham, B.J.",WR,PHI,2013,1,,,,,,,,,,,,,
"Cunningham, Benny",RB,STL,2013,14,47,261,1,10,6,59,,,,,,,1
"Cunningham, Benny",RB,STL,2014,16,66,246,3,53,45,352,1,,,,,,2
"Cunningham, Justice",TE,IND,2013,1,,,,1,1,4,,,,,,,
"Cutler, Jay",QB,CHI,2012,15,41,233,,,,,,434,255,3033,19,14,4
"Cutler, Jay",QB,CHI,2013,11,23,118,,,,,,355,224,2621,19,12,3
"Cutler, Jay",QB,CHI,2014,15,39,191,2,,,,,561,370,3812,28,18,6
"Dalton, Andy",QB,CIN,2012,16,47,120,4,,,,,528,329,3669,27,16,4
"Dalton, Andy",QB,CIN,2013,16,61,183,2,,,,,586,363,4296,33,20,3
"Dalton, Andy",QB,CIN,2014,16,60,169,4,,,,,482,309,3398,19,17,2
"Daniel, Chase",QB,NOS,2012,16,3,17,,,,,,1,1,10,,,
"Daniel, Chase",QB,KC,2013,5,14,52,,,,,,38,25,248,1,1,
"Daniel, Chase",QB,KC,2014,3,4,15,,,,,,28,16,157,,,
"Daniels, Owen",TE,HOU,2012,15,,,,104,62,716,6,,,,,,
"Daniels, Owen",TE,HOU,2013,5,,,,41,24,252,3,,,,,,
"Daniels, Owen",TE,BAL,2014,15,,,,78,48,527,4,,,,,,
"Darkwa, Orleans",RB,MIA,2014,11,9,23,1,6,5,48,,,,,,,
"Davis, Austin",QB,STL,2014,10,16,36,,,,,,284,180,2001,12,9,3
"Davis, Dominique",QB,ATL,2013,2,,,,,,,,7,5,34,,,
"Davis, Drew",WR,ATL,2012,15,,,,6,4,40,1,,,,,,
"Davis, Drew",WR,ATL,2013,16,,,,16,12,216,2,,,,,,
"Davis, Fred",TE,WAS,2012,7,1,1,,31,24,325,,,,,,,
"Davis, Fred",TE,WAS,2013,10,,,,18,7,70,1,,,,,,
"Davis, Kellen",TE,CHI,2012,16,,,,44,19,229,2,,,,,,1
"Davis, Kellen",TE,SEA,2013,15,,,,4,3,32,1,,,,,,
"Davis, Kellen",TE,DET,2014,6,,,,3,0,0,,,,,,,
"Davis, Knile",RB,KC,2013,16,70,242,4,15,11,75,,,,,,,1
"Davis, Knile",RB,KC,2014,16,134,463,6,24,16,147,1,,,,,,2
"Davis, Vernon",TE,SFO,2012,16,,,,61,41,548,5,,,,,,
"Davis, Vernon",TE,SF,2013,15,,,,84,52,850,13,,,,,,1
"Davis, Vernon",TE,SF,2014,14,1,4,,50,26,245,2,,,,,,
"Dawson, Skye",WR,TB,2013,7,2,15,,7,2,12,,,,,,,
"Decker, Eric",WR,DEN,2012,16,,,,122,85,1064,13,,,,,,
"Decker, Eric",WR,DEN,2013,16,,,,136,87,1288,11,,,,,,1
"Decker, Eric",WR,NYJ,2014,15,,,,114,74,962,5,,,,,,
"Demps, Jeffery",RB,TB,2013,2,1,14,,3,3,21,,,,,,,
"Develin, James",RB,NE,2013,16,4,10,1,4,4,62,,,,,,,
"Develin, James",RB,NE,2014,16,3,5,,8,6,43,,,,,,,
"Dickerson, Dorin",WR,BUF,2012,10,1,-8,,15,9,117,,,,,,,1
"Dickerson, Dorin",TE,DET,2013,5,,,,5,2,34,,,,,,,
"Dickson, Ed",TE,BAL,2012,13,,,,33,21,225,,,,,,,
"Dickson, Ed",TE,BAL,2013,16,,,,43,25,273,1,,,,,,
"Dickson, Ed",TE,CAR,2014,16,,,,17,10,115,1,,,,,,
"DiMarco, Patrick",RB,ATL,2013,14,,,,10,8,49,,,,,,,
"DiMarco, Patrick",RB,ATL,2014,16,,,,14,9,62,1,,,,,,
"Dixon, Anthony",RB,SFO,2012,16,21,78,2,,,,,,,,,,
"Dixon, Anthony",RB,SF,2013,16,28,56,2,3,3,30,,,,,,,
"Dixon, Anthony",RB,BUF,2014,16,105,432,2,9,8,49,,,,,,,
"Dobbs, Demarcus",TE,SF,2013,15,,,,,,,,,,,,,
"Dobson, Aaron",WR,NE,2013,12,,,,72,37,519,4,,,,,,
"Dobson, Aaron",WR,NE,2014,4,,,,4,3,38,,,,,,,
"Donnell, Larry",TE,NYG,2013,16,,,,6,3,31,,,,,,,
"Donnell, Larry",TE,NYG,2014,16,,,,92,63,623,6,,,,,,4
"Dorsey, Kevin",WR,GB,2014,3,,,,2,1,4,,,,,,,
"Doss, Tandon",WR,BAL,2012,14,,,,17,7,123,1,,,,,,
"Doss, Tandon",WR,BAL,2013,15,,,,36,19,305,,,,,,,1
"Doucet, Early",WR,ARI,2012,12,2,9,,53,28,207,,,,,,,
"Douglas, Harry",WR,ATL,2012,15,2,4,,59,38,396,1,,,,,,
"Douglas, Harry",WR,ATL,2013,16,,,,132,85,1067,2,,,,,,2
"Douglas, Harry",WR,ATL,2014,12,,,,74,51,556,2,,,,,,
"Doyle, Jack",TE,IND,2013,15,,,,7,5,19,,,,,,,
"Doyle, Jack",TE,IND,2014,16,,,,22,18,118,2,,,,,,
"Draughn, Shaun",RB,KCC,2012,16,59,233,2,30,24,158,,,,,,,1
"Draughn, Shaun",RB,BAL,2013,3,4,2,,,,,,,,,,,
"Draughn, Shaun",RB,CHI,2014,11,10,19,,,,,,,,,,,
"Dray, Jim",TE,ARI,2012,13,,,,2,2,15,,,,,,,
"Dray, Jim",TE,ARI,2013,16,,,,32,26,215,2,,,,,,1
"Dray, Jim",TE,CLE,2014,16,,,,27,17,242,1,,,,,,
"Dreessen, Joel",TE,DEN,2012,16,,,,58,41,356,5,,,,,,
"Dreessen, Joel",TE,DEN,2013,13,,,,9,7,47,1,,,,,,
"Driver, Donald",WR,GBP,2012,13,,,,13,8,77,2,,,,,,
"Dunbar, Lance",RB,DAL,2012,12,21,75,,12,6,33,,,,,,,
"Dunbar, Lance",RB,DAL,2013,9,30,150,,7,7,59,,,,,,,1
"Dunbar, Lance",RB,DAL,2014,16,29,99,,22,18,217,,,,,,,
"Durham, Kris",WR,DET,2012,4,,,,21,8,125,1,,,,,,
"Durham, Kris",WR,DET,2013,16,,,,85,38,490,2,,,,,,1
"Durham, Kris",WR,TEN,2014,4,,,,11,6,54,,,,,,,
"Dwyer, Jonathan",RB,PIT,2012,13,156,623,2,25,18,106,,,,,,,2
"Dwyer, Jonathan",RB,PIT,2013,15,49,197,,11,8,64,,,,,,,
"Dwyer, Jonathan",RB,ARI,2014,2,16,51,1,3,2,8,,,,,,,
"Eachus, Nate",RB,KCC,2012,11,5,18,,3,1,19,,,,,,,
"Easley, Marcus",WR,BUF,2013,16,,,,5,2,13,,,,,,,
"Ebert, Jeremy",WR,JAC,2013,6,,,,8,3,18,,,,,,,
"Ebron, Eric",TE,DET,2014,13,,,,47,25,248,1,,,,,,
"Edelman, Julian",WR,NEP,2012,9,4,45,,32,21,235,3,,,,,,1
"Edelman, Julian",WR,NE,2013,16,2,11,,151,105,1056,6,,,,,,
"Edelman, Julian",WR,NE,2014,14,10,94,,134,92,972,4,,,,,,
"Edwards, Armanti",WR,CAR,2012,16,,,,9,5,121,,,,,,,
"Edwards, Armanti",WR,CAR,2013,5,1,0,,5,1,10,,,,,,,
"Edwards, Braylon",WR,SEA,2012,13,,,,35,18,199,1,,,,,,
"Edwards, Patrick",WR,DET,2013,4,,,,11,5,46,,,,,,,
"Edwards, Trent",QB,PHI,2012,1,,,,,,,,2,2,14,,,
"Egnew, Michael",TE,MIA,2013,16,,,,11,7,69,,,,,,,
"Eifert, Tyler",TE,CIN,2013,15,,,,60,39,445,2,,,,,,
"Eifert, Tyler",TE,CIN,2014,1,,,,3,3,37,,,,,,,
"Ellington, Andre",RB,ARI,2013,15,118,652,3,57,39,371,1,,,,,,
"Ellington, Andre",RB,ARI,2014,12,201,660,3,64,46,395,2,,,,,,2
"Ellington, Bruce",WR,SF,2014,13,6,28,1,12,6,62,2,,,,,,
"Elliott, Kevin",WR,JAC,2012,13,,,,31,10,108,,,,,,,
"Ellison, Rhett",TE,MIN,2012,16,,,,9,7,65,,,,,,,
"Ellison, Rhett",TE,MIN,2013,11,,,,10,5,61,1,,,,,,
"Ellison, Rhett",TE,MIN,2014,16,,,,26,19,208,1,,,,,,
"Epps, Dedrick",TE,NYJ,2012,3,,,,1,1,9,,,,,,,1
"Ertz, Zach",TE,PHI,2013,16,,,,56,36,469,4,,,,,,
"Ertz, Zach",TE,PHI,2014,16,,,,88,58,702,3,,,,,,1
"Escobar, Gavin",TE,DAL,2013,16,,,,15,9,134,2,,,,,,
"Escobar, Gavin",TE,DAL,2014,16,,,,13,9,105,4,,,,,,
"Evans, Mike",WR,TB,2014,15,,,,123,68,1051,12,,,,,,
"Ewing, Bradie",RB,ATL,2013,2,,,,2,2,29,,,,,,,
"Fasano, Anthony",TE,MIA,2012,16,,,,69,41,332,5,,,,,,
"Fasano, Anthony",TE,KC,2013,9,,,,33,23,200,3,,,,,,
"Fasano, Anthony",TE,KC,2014,15,,,,37,25,226,4,,,,,,
"Fauria, Joseph",TE,DET,2013,16,,,,30,18,207,7,,,,,,
"Fauria, Joseph",TE,DET,2014,7,,,,12,6,74,1,,,,,,
"Fells, Daniel",TE,NEP,2012,13,,,,9,4,85,,,,,,,
"Fells, Daniel",TE,NYG,2014,16,,,,20,16,188,4,,,,,,1
"Fells, Darren",TE,ARI,2014,10,,,,12,5,71,,,,,,,
"Felton, Jerome",RB,MIN,2012,16,,,,4,3,35,,,,,,,
"Felton, Jerome",RB,MIN,2013,13,,,,8,6,37,,,,,,,
"Felton, Jerome",RB,MIN,2014,16,4,27,,2,0,0,,,,,,,
"Fiammetta, Tony",RB,CHI,2013,16,,,,5,4,57,,,,,,,
"Fiedorowicz, C.J.",TE,HOU,2014,15,,,,7,4,28,1,,,,,,
"Finley, Jermichael",TE,GBP,2012,16,,,,86,61,667,2,,,,,,1
"Finley, Jermichael",TE,GB,2013,6,,,,34,25,300,3,,,,,,
"Fitzgerald, Larry",WR,ARI,2012,16,,,,156,71,798,4,,,,,,
"Fitzgerald, Larry",WR,ARI,2013,16,2,8,,135,82,954,10,,,,,,1
"Fitzgerald, Larry",WR,ARI,2014,14,,,,103,63,784,2,,,,,,1
"Fitzpatrick, Ryan",QB,BUF,2012,16,48,197,1,,,,,505,306,3400,24,16,6
"Fitzpatrick, Ryan",QB,TEN,2013,11,43,225,3,,,,,350,217,2454,14,12,2
"Fitzpatrick, Ryan",QB,HOU,2014,12,50,184,2,,,,,312,197,2483,17,8,1
"Flacco, Joe",QB,BAL,2012,16,32,22,3,,,,,531,317,3817,22,10,4
"Flacco, Joe",QB,BAL,2013,16,27,131,1,,,,,614,362,3912,19,22,2
"Flacco, Joe",QB,BAL,2014,16,39,70,2,,,,,555,344,3986,27,12,
"Fleener, Coby",TE,IND,2012,12,,,,48,26,281,2,,,,,,
"Fleener, Coby",TE,IND,2013,16,,,,85,52,608,4,,,,,,
"Fleener, Coby",TE,IND,2014,16,,,,92,51,774,8,,,,,,
"Floyd, Malcom",WR,SDC,2012,14,,,,85,56,814,5,,,,,,
"Floyd, Malcom",WR,SD,2013,2,,,,11,6,149,,,,,,,
"Floyd, Malcom",WR,SD,2014,16,,,,92,52,856,6,,,,,,
"Floyd, Michael",WR,ARI,2012,16,,,,86,45,562,2,,,,,,1
"Floyd, Michael",WR,ARI,2013,16,,,,112,65,1041,5,,,,,,
"Floyd, Michael",WR,ARI,2014,16,1,2,,99,47,841,6,,,,,,1
"Flynn, Matt",QB,SEA,2012,3,4,-5,,,,,,9,5,68,,,
"Flynn, Matt",QB,OAK,2013,7,20,65,,,,,,200,124,1392,8,5,6
"Flynn, Matt",QB,GB,2014,7,10,-10,,,,,,16,8,66,,1,1
"Foles, Nick",QB,PHI,2012,7,11,42,1,,,,,265,161,1699,6,5,3
"Foles, Nick",QB,PHI,2013,13,57,221,3,,,,,317,203,2891,27,2,2
"Foles, Nick",QB,PHI,2014,8,16,68,,,,,,312,187,2163,13,10,3
"Ford, Chase",TE,MIN,2013,9,,,,16,11,133,,,,,,,
"Ford, Chase",TE,MIN,2014,11,,,,35,23,258,1,,,,,,
"Ford, Jacoby",WR,OAK,2013,14,5,15,,24,13,99,,,,,,,1
"Ford, Michael",RB,CHI,2013,12,,,,,,,,,,,,,
"Forsett, Justin",RB,HOU,2012,16,63,374,1,5,3,38,,,,,,,
"Forsett, Justin",RB,JAC,2013,9,6,31,,16,15,82,,,,,,,
"Forsett, Justin",RB,BAL,2014,16,235,1266,8,59,44,263,,,,,,,
"Forte, Matt",RB,CHI,2012,15,248,1094,5,60,44,340,1,,,,,,1
"Forte, Matt",RB,CHI,2013,16,289,1339,9,94,74,594,3,,,,,,2
"Forte, Matt",RB,CHI,2014,16,266,1038,6,130,102,808,4,,,,,,2
"Foster, Arian",RB,HOU,2012,16,351,1424,15,58,40,217,2,,,,,,2
"Foster, Arian",RB,HOU,2013,8,121,542,1,35,22,183,1,,,,,,
"Foster, Arian",RB,HOU,2014,13,260,1246,8,59,38,327,5,,,,,,2
"Franklin, Johnathan",RB,GB,2013,10,19,107,1,5,4,30,,,,,,,1
"Freeman, Devonta",RB,ATL,2014,16,65,248,1,38,30,225,1,,,,,,1
"Freeman, Josh",QB,TBB,2012,16,39,139,,,,,,558,306,4065,27,17,2
"Freeman, Josh",QB,TB,2013,4,5,20,,,,,,147,63,761,2,4,1
"Fuller, Corey",WR,DET,2014,16,,,,31,14,212,1,,,,,,1
"Gabbert, Blaine",QB,JAC,2012,10,18,56,,,,,,278,162,1662,9,6,3
"Gabbert, Blaine",QB,JAC,2013,3,9,32,,,,,,86,42,481,1,7,
"Gabbert, Blaine",QB,SF,2014,1,1,5,,,,,,7,3,38,1,,
"Gabriel, Taylor",WR,CLE,2014,16,3,2,,73,37,629,1,,,,,,
"Gaffney, Jabar",WR,MIA,2012,3,,,,10,4,68,,,,,,,
"Gallarda, Tommy",TE,ATL,2012,9,,,,4,1,7,,,,,,,
"Garcon, Pierre",WR,WAS,2012,10,2,9,,67,44,633,4,,,,,,
"Garcon, Pierre",WR,WAS,2013,16,2,19,,182,113,1346,5,,,,,,1
"Garcon, Pierre",WR,WAS,2014,16,,,,105,68,752,3,,,,,,
"Garoppolo, Jimmy",QB,NE,2014,6,10,9,,,,,,27,19,182,1,,
"Gates, Antonio",TE,SDC,2012,15,,,,80,49,538,7,,,,,,
"Gates, Antonio",TE,SD,2013,16,,,,113,77,872,4,,,,,,2
"Gates, Antonio",TE,SD,2014,16,,,,98,69,821,12,,,,,,
"Gates, Clyde",WR,NYJ,2012,11,1,12,,35,16,224,,,,,,,
"Gates, Clyde",WR,NYJ,2013,6,,,,24,12,122,,,,,,,
"Gerhart, Toby",RB,MIN,2012,16,50,169,1,27,20,155,,,,,,,2
"Gerhart, Toby",RB,MIN,2013,14,36,283,2,19,13,88,,,,,,,1
"Gerhart, Toby",RB,JAC,2014,14,102,326,2,24,20,186,,,,,,,1
"Gibson, Brandon",WR,STL,2012,16,,,,82,51,691,5,,,,,,
"Gibson, Brandon",WR,MIA,2013,7,,,,42,30,326,3,,,,,,
"Gibson, Brandon",WR,MIA,2014,14,,,,51,29,295,1,,,,,,
"Gillislee, Mike",RB,MIA,2013,3,6,21,,,,,,,,,,,
"Gillmore, Crockett",TE,BAL,2014,15,,,,15,10,121,1,,,,,,
"Gilreath, David",WR,PIT,2012,3,1,7,,1,0,0,,,,,,,
"Gilyard, Mardy",WR,PHI,2012,8,,,,6,2,15,,,,,,,
"Ginn Jr., Ted",WR,SFO,2012,13,1,7,,2,2,1,,,,,,,1
"Ginn, Ted",WR,CAR,2013,16,4,29,,68,36,556,5,,,,,,
"Ginn, Ted",WR,ARI,2014,16,3,6,,26,14,190,,,,,,,
"Givens, Chris",WR,STL,2012,15,3,12,,80,42,698,3,,,,,,
"Givens, Chris",WR,STL,2013,16,3,8,,83,34,569,,,,,,,1
"Givens, Chris",WR,STL,2014,14,1,4,,21,11,159,1,,,,,,
"Glennon, Mike",QB,TB,2013,13,27,37,,,,,,416,247,2608,19,9,4
"Glennon, Mike",QB,TB,2014,6,10,49,,,,,,203,117,1417,10,6,
"Golden, Brittan",WR,ARI,2013,5,,,,10,4,136,,,,,,,
"Gonzalez, Tony",TE,ATL,2012,16,,,,124,93,930,8,,,,,,
"Gonzalez, Tony",TE,ATL,2013,16,,,,121,83,859,8,,,,,,
"Goodman, Richard",WR,SDC,2012,7,,,,2,0,0,,,,,,,
"Goodson, Mike",RB,OAK,2012,12,35,221,,16,16,195,1,,,,,,
"Goodson, Mike",RB,NYJ,2013,2,7,61,,3,2,19,,,,,,,
"Goodwin, Marquise",WR,BUF,2013,12,3,13,,32,17,283,3,,,,,,1
"Goodwin, Marquise",WR,BUF,2014,10,3,8,,9,1,42,,,,,,,
"Gordon, Josh",WR,CLE,2012,16,,,,95,50,805,5,,,,,,1
"Gordon, Josh",WR,CLE,2013,14,5,88,,159,87,1646,9,,,,,,
"Gordon, Josh",WR,CLE,2014,5,,,,47,24,303,,,,,,,
"Gordon, Richard",TE,OAK,2012,13,,,,7,2,9,1,,,,,,
"Gordon, Richard",TE,KC,2013,2,,,,1,1,3,,,,,,,
"Gordon, Richard",TE,TEN,2014,5,,,,1,0,0,,,,,,,
"Gore, Frank",RB,SFO,2012,16,258,1214,8,36,28,234,1,,,,,,1
"Gore, Frank",RB,SF,2013,16,276,1128,9,26,16,141,,,,,,,3
"Gore, Frank",RB,SF,2014,16,255,1106,4,19,11,111,1,,,,,,2
"Gradkowski, Bruce",QB,CIN,2012,2,4,-2,,,,,,11,5,65,,,
"Gradkowski, Bruce",QB,PIT,2014,1,2,-2,,,,,,0,0,0,,,
"Gragg, Chris",TE,BUF,2013,9,,,,7,5,53,1,,,,,,
"Gragg, Chris",TE,BUF,2014,10,,,,10,7,48,1,,,,,,
"Graham, Garrett",TE,HOU,2012,15,,,,39,28,263,3,,,,,,
"Graham, Garrett",TE,HOU,2013,13,,,,89,49,545,5,,,,,,1
"Graham, Garrett",TE,HOU,2014,11,1,0,,28,18,197,1,,,,,,
"Graham, Jimmy",TE,NOS,2012,15,,,,135,85,982,9,,,,,,
"Graham, Jimmy",TE,NO,2013,16,,,,142,86,1215,16,,,,,,
"Graham, Jimmy",TE,NO,2014,16,,,,125,85,889,10,,,,,,2
"Graham, Ray",RB,HOU,2013,1,4,8,,3,1,12,,,,,,,
"Graham, T.J.",WR,BUF,2012,15,1,5,,58,31,322,1,,,,,,
"Graham, T.J.",WR,BUF,2013,16,4,14,,58,23,361,2,,,,,,1
"Graham, T.J.",WR,NYJ,2014,12,,,,8,3,87,1,,,,,,
"Grant, Ryan",RB,WAS,2012,5,32,132,2,2,1,34,,,,,,,1
"Grant, Ryan",WR,WAS,2014,16,,,,15,7,68,,,,,,,
"Gray, Cyrus",RB,KCC,2012,10,7,44,,3,2,18,,,,,,,
"Gray, Cyrus",RB,KC,2013,16,9,24,,10,7,46,,,,,,,
"Gray, Cyrus",RB,KC,2014,9,8,31,1,,,,,,,,,,
"Gray, Jonas",RB,NE,2014,8,89,412,5,3,1,7,,,,,,,
"Gray, MarQueis",TE,CLE,2013,12,6,43,,9,2,8,,,,,,1,
"Gray, MarQueis",TE,MIN,2014,13,,,,11,9,134,,,,,,,
"Green, A.J.",WR,CIN,2012,16,4,38,,164,97,1350,11,,,,,,1
"Green, A.J.",WR,CIN,2013,16,,,,178,98,1426,11,,,,,,
"Green, A.J.",WR,CIN,2014,13,2,2,,116,69,1041,6,,,,,,2
"Green, Alex",RB,GBP,2012,12,135,464,,29,18,125,,,,,,,
"Green, Alex",RB,NYJ,2013,13,11,35,,2,2,8,,,,,,,
"Green, Ladarius",TE,SDC,2012,3,,,,4,4,56,,,,,,,
"Green, Ladarius",TE,SD,2013,16,,,,29,17,376,3,,,,,,
"Green, Ladarius",TE,SD,2014,14,,,,25,19,226,,,,,,,
"Green, Virgil",TE,DEN,2012,12,,,,6,5,63,,,,,,,
"Green, Virgil",TE,DEN,2013,16,,,,12,9,45,,,,,,,
"Green, Virgil",TE,DEN,2014,13,2,3,,6,6,74,1,,,,,,
"Greene, Shonn",RB,NYJ,2012,16,276,1063,8,30,19,151,,,,,,,1
"Greene, Shonn",RB,TEN,2013,11,77,295,4,7,6,39,,,,,,,
"Greene, Shonn",RB,TEN,2014,13,94,392,2,3,1,13,,,,,,,1
"Green-Ellis, BenJarvus",RB,CIN,2012,15,278,1094,6,30,22,104,,,,,,,2
"Green-Ellis, BenJarvus",RB,CIN,2013,16,220,756,7,8,4,22,,,,,,,2
"Gresham, Jermaine",TE,CIN,2012,16,,,,94,64,737,5,,,,,,1
"Gresham, Jermaine",TE,CIN,2013,14,,,,66,46,461,4,,,,,,3
"Gresham, Jermaine",TE,CIN,2014,15,,,,80,62,460,5,,,,,,
"Grice, Marion",RB,ARI,2014,10,15,41,1,11,7,29,,,,,,,
"Griffin III, Robert",QB,WAS,2012,15,120,815,7,,,,,393,258,3200,20,5,2
"Griffin III, Robert",QB,WAS,2014,9,38,176,1,,,,,214,147,1694,4,6,4
"Griffin, Robert",QB,WAS,2013,13,86,489,,,,,,456,274,3203,16,12,4
"Griffin, Ryan",TE,HOU,2013,15,,,,28,19,244,1,,,,,,
"Griffin, Ryan",TE,HOU,2014,16,,,,16,10,91,1,,,,,,
"Grimes, Jonathan",RB,NYJ,2012,9,2,6,,2,2,7,,,,,,,
"Grimes, Jonathan",RB,HOU,2013,2,21,73,1,6,6,76,,,,,,,1
"Grimes, Jonathan",RB,HOU,2014,16,39,153,,8,6,86,,,,,,,
"Gronkowski, Chris",RB,DEN,2012,14,,,,1,1,11,,,,,,,
"Gronkowski, Rob",TE,NEP,2012,11,,,,80,55,790,11,,,,,,1
"Gronkowski, Rob",TE,NE,2013,7,,,,66,39,592,4,,,,,,
"Gronkowski, Rob",TE,NE,2014,15,,,,131,82,1124,12,,,,,,
"Gurley, Tori",WR,CLE,2013,3,,,,3,1,15,,,,,,,
"Hagan, Derek",WR,OAK,2012,14,,,,36,20,259,,,,,,,
"Hagan, Derek",WR,TEN,2014,16,,,,34,19,254,1,,,,,,
"Hakim, Saalim",WR,NYJ,2013,3,2,-3,,1,0,0,,,,,,,
"Hall, Chad",WR,KC,2013,9,,,,7,2,20,,,,,,,
"Hammond Jr., Frankie",WR,KC,2014,16,,,,11,4,45,,,,,,,
"Hankerson, Leonard",WR,WAS,2012,16,2,5,,57,38,543,3,,,,,,
"Hankerson, Leonard",WR,WAS,2013,10,,,,50,30,375,3,,,,,,
"Hankerson, Leonard",WR,WAS,2014,1,,,,1,0,0,,,,,,,
"Hanna, James",TE,DAL,2012,18,,,,11,8,86,,,,,,,
"Hanna, James",TE,DAL,2013,16,,,,15,12,73,,,,,,,
"Hanna, James",TE,DAL,2014,16,,,,6,4,48,,,,,,,
"Harbor, Clay",TE,PHI,2012,14,,,,39,25,186,2,,,,,,1
"Harbor, Clay",TE,JAC,2013,16,,,,35,24,292,2,,,,,,1
"Harbor, Clay",TE,JAC,2014,13,,,,35,26,289,1,,,,,,
"Hardesty, Montario",RB,CLE,2012,12,65,271,1,5,2,16,,,,,,,
"Harkey, Cory",TE,STL,2013,15,,,,18,13,113,2,,,,,,
"Harkey, Cory",TE,STL,2014,16,,,,11,8,55,1,,,,,,
"Harper, Chris",WR,GB,2013,4,,,,,,,,,,,,,
"Harper, Jamie",RB,TEN,2012,10,19,30,3,1,1,8,,,,,,,
"Harrell, Graham",QB,GBP,2012,4,4,-3,,,,,,4,2,20,,,1
"Harris, Demetrius",TE,KC,2014,8,,,,5,3,20,,,,,,,
"Harris, DuJuan",RB,GBP,2012,4,34,157,2,2,2,17,,,,,,,
"Harris, DuJuan",RB,GB,2014,15,16,64,,2,1,11,,,,,,,
"Harris, Dwayne",WR,DAL,2012,16,,,,31,17,222,1,,,,,,
"Harris, Dwayne",WR,DAL,2013,13,1,6,,14,9,80,2,,,,,,1
"Harris, Dwayne",WR,DAL,2014,16,4,7,,12,7,116,,,,,,,2
"Harris, Josh",RB,PIT,2014,5,9,16,,,,,,,,,,,
"Hartline, Brian",WR,MIA,2012,16,,,,131,74,1083,1,,,,,,1
"Hartline, Brian",WR,MIA,2013,16,,,,130,76,1016,4,,,,,,
"Hartline, Brian",WR,MIA,2014,16,,,,63,39,474,2,,,,,,
"Hartsock, Ben",TE,CAR,2012,15,,,,3,2,30,,,,,,,
"Hartsock, Ben",TE,CAR,2013,13,,,,,,,,,,,,,
"Harvin, Percy",WR,MIN,2012,9,22,96,1,85,62,677,3,,,,,,1
"Harvin, Percy",WR,SEA,2013,1,,,,1,1,17,,,,,,,
"Harvin, Percy",WR,SEA,2014,13,33,202,1,78,51,483,1,,,,,,1
"Hasselbeck, Matt",QB,TEN,2012,8,13,38,,,,,,221,138,1367,7,5,1
"Hasselbeck, Matt",QB,IND,2013,3,2,-2,,,,,,12,7,130,,1,
"Hasselbeck, Matt",QB,IND,2014,4,8,-11,,,,,,44,30,301,2,,1
"Havili, Stanley",RB,PHI,2012,15,6,22,1,12,7,43,,,,,,,
"Havili, Stanley",RB,IND,2013,13,7,7,,20,18,128,1,,,,,,
"Hawkins, Andrew",WR,CIN,2012,14,6,30,,80,51,533,4,,,,,,
"Hawkins, Andrew",WR,CIN,2013,8,2,3,,18,12,199,,,,,,,
"Hawkins, Andrew",WR,CLE,2014,15,3,15,,112,63,824,2,,,,,,
"Hawkins, Lavelle",WR,TEN,2012,7,,,,11,5,62,,,,,,,
"Hawkins, Lavelle",WR,SD,2013,4,,,,,,,,,,,,,
"Heap, Todd",TE,ARI,2012,2,,,,13,8,94,,,,,,,
"Helfet, Cooper",TE,SEA,2014,10,,,,24,12,185,2,,,,,,
"Heller, Will",TE,DET,2012,16,,,,23,17,150,1,,,,,,
"Helu, Roy",RB,WAS,2012,3,2,2,,7,7,45,,,,,,,
"Helu, Roy",RB,WAS,2013,16,62,274,4,42,31,251,,,,,,,
"Helu, Roy",RB,WAS,2014,14,40,216,1,47,42,477,2,,,,,,1
"Hemingway, Junior",WR,KC,2013,16,,,,19,13,125,2,,,,,,1
"Hemingway, Junior",WR,KC,2014,14,,,,21,12,108,,,,,,,
"Henderson, Devery",WR,NOS,2012,15,1,13,,47,22,316,1,,,,,,
"Henne, Chad",QB,JAC,2012,10,19,64,1,,,,,308,166,2084,11,11,2
"Henne, Chad",QB,JAC,2013,15,26,77,,,,,,503,305,3241,13,14,
"Henne, Chad",QB,JAC,2014,3,4,25,,,,,,78,42,492,3,1,1
"Hernandez, Aaron",TE,NEP,2012,10,1,5,,83,51,483,5,,,,,,
"Herron, Dan",RB,SEA,2012,19,4,5,,1,0,0,,,,,,,
"Herron, Dan",RB,IND,2013,6,5,33,,1,1,57,,,,,,,
"Herron, Dan",RB,IND,2014,16,78,351,1,26,21,173,,,,,,,2
"Herron, Robert",WR,TB,2014,8,1,0,,12,6,58,1,,,,,,
"Hester, Devin",WR,CHI,2012,15,3,6,,40,23,242,1,,,,,,
"Hester, Devin",WR,ATL,2014,16,6,36,1,59,38,504,2,,,,,,1
"Hester, Jacob",RB,DEN,2012,3,17,81,2,1,1,7,,,,,,,
"Hewitt, Ryan",TE,CIN,2014,16,1,0,,15,10,86,,,,,,,
"Heyward-Bey, Darrius",WR,OAK,2012,15,2,16,,80,41,606,5,,,,,,
"Heyward-Bey, Darrius",WR,IND,2013,16,3,26,,64,29,309,1,,,,,,
"Heyward-Bey, Darrius",WR,PIT,2014,16,,,,5,3,33,,,,,,,1
"Higgins, Michael",TE,NOS,2012,2,,,,1,1,-3,,,,,,,
"Hill, Jason",WR,NYJ,2012,3,,,,3,2,15,1,,,,,,
"Hill, Jeremy",RB,CIN,2014,16,222,1124,9,32,27,215,,,,,,,2
"Hill, Josh",TE,NO,2013,14,1,-8,,10,6,44,1,,,,,,
"Hill, Josh",TE,NO,2014,16,,,,20,14,176,5,,,,,,
"Hill, Michael",RB,GB,2013,8,9,23,,2,2,23,,,,,,,
"Hill, Shaun",QB,DET,2012,1,1,-1,,,,,,13,10,172,2,,
"Hill, Shaun",QB,DET,2013,2,2,-2,,,,,,,,,,,
"Hill, Shaun",QB,STL,2014,9,10,10,1,,,,,229,145,1657,8,7,1
"Hill, Stephen",WR,NYJ,2012,11,,,,47,21,252,3,,,,,,
"Hill, Stephen",WR,NYJ,2013,12,,,,59,24,342,1,,,,,,1
"Hilliard, Lex",RB,NEP,2012,14,9,33,,9,4,23,,,,,,,
"Hillis, Peyton",RB,KCC,2012,13,85,309,1,14,10,62,,,,,,,2
"Hillis, Peyton",RB,NYG,2013,7,73,247,2,21,13,96,,,,,,,1
"Hillis, Peyton",RB,NYG,2014,9,26,115,,16,10,87,,,,,,,
"Hillman, Ronnie",RB,DEN,2012,14,84,327,1,12,10,62,,,,,,,1
"Hillman, Ronnie",RB,DEN,2013,9,55,218,1,14,12,119,,,,,,,1
"Hillman, Ronnie",RB,DEN,2014,8,106,434,3,34,21,139,1,,,,,,
"Hilton, T.Y.",WR,IND,2012,15,5,29,,90,50,861,7,,,,,,
"Hilton, T.Y.",WR,IND,2013,16,2,6,,135,82,1083,5,,,,,,
"Hilton, T.Y.",WR,IND,2014,15,2,20,,131,82,1345,7,,,,,,1
"Hixon, Domenik",WR,NYG,2012,13,,,,59,39,567,2,,,,,,
"Hixon, Domenik",WR,CAR,2013,15,,,,9,7,55,1,,,,,,
"Hogan, Chris",WR,BUF,2013,16,,,,17,10,83,,,,,,,
"Hogan, Chris",WR,BUF,2014,16,,,,61,41,426,4,,,,,,2
"Holliday, Trindon",WR,HOU,2012,15,,,,2,2,17,,,,,,,1
"Holliday, Trindon",WR,DEN,2013,15,1,7,,,,,,,,,,,2
"Holmes, Andre",WR,DAL,2012,7,,,,2,2,11,,,,,,,
"Holmes, Andre",WR,OAK,2013,10,,,,52,25,431,1,,,,,,
"Holmes, Andre",WR,OAK,2014,16,,,,99,47,693,4,,,,,,
"Holmes, Santonio",WR,NYJ,2012,4,,,,41,20,272,1,,,,,,1
"Holmes, Santonio",WR,NYJ,2013,11,,,,59,23,456,1,,,,,,
"Holmes, Santonio",WR,CHI,2014,9,,,,14,8,67,,,,,,,
"Hoomanawanui, Michael",TE,NEP,2012,14,,,,7,5,109,,,,,,,
"Hoomanawanui, Michael",TE,NE,2013,13,,,,19,12,136,1,,,,,,
"Hoomanawanui, Michael",TE,NE,2014,16,,,,6,3,44,,,,,,,
"Hopkins, DeAndre",WR,HOU,2013,16,,,,91,52,802,2,,,,,,1
"Hopkins, DeAndre",WR,HOU,2014,16,,,,127,76,1210,6,,,,,,1
"Hoskins, Gator",TE,MIA,2014,10,,,,4,3,21,,,,,,,
"Housler, Rob",TE,ARI,2012,15,,,,68,45,417,,,,,,,
"Housler, Rob",TE,ARI,2013,13,,,,57,39,454,1,,,,,,
"Housler, Rob",TE,ARI,2014,15,1,1,,17,9,129,,,,,,,
"Hoyer, Brian",QB,ARI,2012,2,1,6,,,,,,53,30,330,1,2,
"Hoyer, Brian",QB,CLE,2013,3,6,16,,,,,,96,57,615,5,3,
"Hoyer, Brian",QB,CLE,2014,14,24,39,,,,,,439,243,3334,12,13,1
"Huff, Josh",WR,PHI,2014,12,1,7,,18,8,98,,,,,,,1
"Hughes, Robert",RB,IND,2012,5,1,5,,1,1,3,,,,,,,
"Hughes, Robert",RB,IND,2013,1,,,,2,1,6,,,,,,,
"Hughes, Robert",RB,ARI,2014,16,7,11,,12,8,140,,,,,,,
"Hunter, Justin",WR,TEN,2013,14,,,,42,18,354,4,,,,,,
"Hunter, Justin",WR,TEN,2014,12,,,,67,28,498,3,,,,,,
"Hunter, Kendall",RB,SFO,2012,11,72,371,2,12,9,60,,,,,,,1
"Hunter, Kendall",RB,SF,2013,16,78,358,3,4,2,13,,,,,,,1
"Hurns, Allen",WR,JAC,2014,16,,,,97,51,677,6,,,,,,
"Hyde, Carlos",RB,SF,2014,14,83,333,4,16,12,68,,,,,,,1
"Hynoski, Henry",RB,NYG,2012,16,5,20,,15,11,50,1,,,,,,
"Hynoski, Henry",RB,NYG,2013,3,,,,2,1,5,,,,,,,
"Hynoski, Henry",RB,NYG,2014,16,7,13,,,,,,,,,,,
"Ingram, Mark",RB,NOS,2012,16,156,602,5,10,6,29,,,,,,,
"Ingram, Mark",RB,NO,2013,11,78,386,1,11,7,68,,,,,,,
"Ingram, Mark",RB,NO,2014,13,226,964,9,36,29,145,,,,,,,1
"Inman, Dontrelle",WR,SD,2014,6,,,,17,12,158,,,,,,,
"Ivory, Chris",RB,NOS,2012,6,40,217,2,3,2,15,,,,,,,
"Ivory, Chris",RB,NYJ,2013,15,182,833,3,7,2,10,,,,,,,
"Ivory, Chris",RB,NYJ,2014,16,198,820,6,27,18,123,1,,,,,,1
"Jackson, Brandon",RB,CLE,2012,3,8,54,,4,2,20,,,,,,,
"Jackson, DeSean",WR,PHI,2012,11,3,-7,,87,45,700,2,,,,,,
"Jackson, DeSean",WR,PHI,2013,16,3,2,,126,82,1332,9,,,,,,
"Jackson, DeSean",WR,WAS,2014,15,4,7,,95,56,1169,6,,,,,,
"Jackson, Fred",RB,BUF,2012,10,115,437,3,42,34,217,1,,,,,,4
"Jackson, Fred",RB,BUF,2013,16,206,890,9,66,47,387,1,,,,,,
"Jackson, Fred",RB,BUF,2014,14,142,526,2,90,66,501,1,,,,,,
"Jackson, Steven",RB,STL,2012,16,257,1042,4,53,38,321,,,,,,,
"Jackson, Steven",RB,ATL,2013,12,157,543,6,49,33,191,1,,,,,,
"Jackson, Steven",RB,ATL,2014,15,190,707,6,27,20,148,,,,,,,
"Jackson, Tarvaris",QB,SEA,2013,4,4,1,1,,,,,13,10,151,1,,
"Jackson, Tarvaris",QB,SEA,2014,2,,,,,,,,1,1,0,,,
"Jackson, Vincent",WR,TBB,2012,16,,,,147,72,1384,8,,,,,,
"Jackson, Vincent",WR,TB,2013,16,1,0,,160,78,1224,7,,,,,,
"Jackson, Vincent",WR,TB,2014,16,,,,142,70,1002,2,,,,,,1
"Jacobs, Brandon",RB,SFO,2012,2,5,7,,,,,,,,,,,
"Jacobs, Brandon",RB,NYG,2013,7,58,238,4,7,2,13,,,,,,,1
"Jacobs, Nic",TE,JAC,2014,13,,,,3,2,16,1,,,,,,
"James, LaMichael",RB,SFO,2012,4,27,125,,5,3,29,,,,,,,
"James, LaMichael",RB,SF,2013,10,12,59,,3,2,16,,,,,,,
"James, LaMichael",RB,SF,2014,3,5,9,,1,0,0,,,,,,,
"James, Mike",RB,TB,2013,8,60,295,,11,10,43,,,,,,,
"James, Mike",RB,TB,2014,11,19,37,,1,1,-5,,,,,,,
"Janis, Jeff",WR,GB,2014,3,,,,2,2,16,,,,,,,
"Jean, Lestar",WR,HOU,2012,14,,,,12,6,151,1,,,,,,
"Jean, Lestar",WR,HOU,2013,11,,,,8,4,35,,,,,,,
"Jefferson, D.C.",TE,ARI,2013,4,,,,,,,,,,,,,
"Jeffery, Alshon",WR,CHI,2012,10,,,,48,24,367,3,,,,,,
"Jeffery, Alshon",WR,CHI,2013,16,16,105,,149,89,1421,7,,,,,,1
"Jeffery, Alshon",WR,CHI,2014,16,6,33,,145,85,1133,10,,,,,,
"Jenkins, A.J.",WR,SFO,2012,3,,,,1,0,0,,,,,,,
"Jenkins, A.J.",WR,KC,2013,16,2,6,,17,8,130,,,,,,,
"Jenkins, A.J.",WR,KC,2014,9,2,-2,,15,9,93,,,,,,,
"Jenkins, Greg",WR,OAK,2013,6,,,,1,0,0,,,,,,,1
"Jenkins, Michael",WR,MIN,2012,16,,,,72,40,449,2,,,,,,
"Jennings, Greg",WR,GBP,2012,8,,,,62,36,366,4,,,,,,
"Jennings, Greg",WR,MIN,2013,15,,,,106,68,804,4,,,,,,
"Jennings, Greg",WR,MIN,2014,16,,,,91,59,742,6,,,,,,
"Jennings, Rashad",RB,JAC,2012,10,101,283,2,26,19,130,,,,,,,1
"Jennings, Rashad",RB,OAK,2013,15,163,733,6,47,36,292,,,,,,,
"Jennings, Rashad",RB,NYG,2014,11,167,639,4,41,30,226,,,,,,,1
"Jensen, Marcel",TE,JAC,2014,1,,,,1,1,8,,,,,,,
"Jernigan, Jerrel",WR,NYG,2012,9,1,6,,5,3,22,,,,,,,
"Jernigan, Jerrel",WR,NYG,2013,15,2,57,1,44,29,329,2,,,,,,1
"Jernigan, Jerrel",WR,NYG,2014,2,1,-2,,11,6,40,,,,,,,
"Johnson, Andre",WR,HOU,2012,16,,,,162,112,1598,4,,,,,,
"Johnson, Andre",WR,HOU,2013,16,,,,181,109,1407,5,,,,,,
"Johnson, Andre",WR,HOU,2014,15,,,,146,85,936,3,,,,,,3
"Johnson, Austin",RB,NO,2014,7,8,22,,2,2,15,1,,,,,,
"Johnson, Calvin",WR,DET,2012,16,,,,204,122,1964,5,,,,,,3
"Johnson, Calvin",WR,DET,2013,14,,,,156,84,1492,12,,,,,,1
"Johnson, Calvin",WR,DET,2014,13,,,,128,71,1077,8,,,,,,
"Johnson, Charles",WR,MIN,2014,11,1,-11,,59,31,475,2,,,,,,
"Johnson, Chris",RB,TEN,2012,16,276,1243,6,49,36,232,,,,,,,4
"Johnson, Chris",RB,TEN,2013,16,279,1077,6,52,42,345,4,,,,,,2
"Johnson, Chris",RB,NYJ,2014,16,155,663,1,34,24,151,1,,,,,,1
"Johnson, Damaris",WR,PHI,2012,14,3,12,,31,19,256,,,,,,,2
"Johnson, Damaris",WR,PHI,2013,13,,,,3,2,14,,,,,,,1
"Johnson, Damaris",WR,HOU,2014,16,5,19,,49,31,331,1,,,,,,
"Johnson, Darius",WR,ATL,2013,10,,,,43,22,210,1,,,,,,1
"Johnson, David",TE,PIT,2013,5,,,,6,4,70,,,,,,,
"Johnson, David",TE,SD,2014,14,,,,1,1,4,,,,,,,
"Johnson, Dennis",RB,HOU,2013,8,49,183,,12,8,46,,,,,,,
"Johnson, Josh",QB,CIN,2013,2,7,20,,,,,,,,,,,
"Johnson, Josh",QB,SF,2014,1,,,,,,,,0,0,0,,,
"Johnson, Quinn",RB,TEN,2012,16,4,5,,8,5,40,,,,,,,
"Johnson, Quinn",RB,TEN,2013,4,,,,1,0,0,,,,,,,
"Johnson, Steve",WR,BUF,2013,12,1,10,,101,52,597,3,,,,,,1
"Johnson, Steve",WR,SF,2014,13,,,,48,35,435,3,,,,,,
"Johnson, Stevie",WR,BUF,2012,16,,,,148,79,1046,6,,,,,,1
"Johnson, Storm",RB,JAC,2014,6,29,86,2,1,1,-4,,,,,,,
"Johnson, Will",RB,PIT,2012,16,2,7,,26,15,137,1,,,,,,
"Johnson, Will",RB,PIT,2013,16,,,,11,8,41,1,,,,,,
"Johnson, Will",RB,PIT,2014,16,2,0,,9,6,41,,,,,,,
"Jones, Dominique",TE,IND,2012,4,,,,1,1,8,,,,,,,
"Jones, Dominique",TE,IND,2013,8,,,,3,2,34,,,,,,,
"Jones, Donald",WR,BUF,2012,12,,,,67,41,443,4,,,,,,
"Jones, Felix",RB,DAL,2012,16,111,402,3,36,25,262,2,,,,,,2
"Jones, Felix",RB,PIT,2013,16,48,184,,13,9,63,,,,,,,1
"Jones, Greg",RB,JAC,2012,12,5,8,,14,11,64,,,,,,,
"Jones, Greg B.",RB,HOU,2013,16,2,2,,11,5,34,,,,,,,
"Jones, Jacoby",WR,BAL,2012,16,1,6,,55,30,406,1,,,,,,
"Jones, Jacoby",WR,BAL,2013,12,2,0,,67,37,455,2,,,,,,
"Jones, Jacoby",WR,BAL,2014,16,3,16,,18,9,131,,,,,,,2
"Jones, James",WR,GBP,2012,16,,,,100,64,784,14,,,,,,
"Jones, James",WR,GB,2013,14,,,,93,59,817,3,,,,,,1
"Jones, James",WR,OAK,2014,16,,,,111,73,666,6,,,,,,1
"Jones, Julio",WR,ATL,2012,16,6,30,,128,79,1198,10,,,,,,
"Jones, Julio",WR,ATL,2013,5,1,7,,59,41,580,2,,,,,,1
"Jones, Julio",WR,ATL,2014,15,1,1,,163,104,1593,6,,,,,,1
"Jones, Landry",QB,PIT,2013,1,,,,,,,,,,,,,
"Jones, Marvin",WR,CIN,2012,11,3,47,,32,18,201,1,,,,,,
"Jones, Marvin",WR,CIN,2013,16,8,65,,81,51,712,10,,,,,,
"Jones, Matt",RB,MIN,2014,3,13,45,,5,3,20,,,,,,,
"Jones, Taiwan",RB,OAK,2012,14,6,21,,2,2,11,,,,,,,
"Jones-Drew, Maurice",RB,JAC,2012,6,86,414,1,18,14,86,1,,,,,,
"Jones-Drew, Maurice",RB,JAC,2013,15,234,803,5,60,43,314,,,,,,,1
"Jones-Drew, Maurice",RB,OAK,2014,12,43,96,,16,11,71,,,,,,,
"Juszczyk, Kyle",RB,BAL,2013,16,,,,1,0,0,,,,,,,
"Juszczyk, Kyle",RB,BAL,2014,16,,,,27,19,182,1,,,,,,2
"Kaepernick, Colin",QB,SFO,2012,13,63,415,5,,,,,218,136,1814,10,3,2
"Kaepernick, Colin",QB,SF,2013,16,92,524,4,,,,,416,243,3197,21,8,4
"Kaepernick, Colin",QB,SF,2014,16,104,639,1,,,,,478,289,3369,19,10,5
"Karim, Deji",RB,HOU,2013,7,12,51,,2,1,-1,,,,,,,
"Kasa, Nick",TE,OAK,2013,16,,,,5,1,9,1,,,,,,
"Kearse, Jermaine",WR,SEA,2013,16,,,,38,22,346,4,,,,,,1
"Kearse, Jermaine",WR,SEA,2014,15,2,15,,69,38,537,1,,,,,,
"Keenum, Case",QB,HOU,2013,8,14,72,1,,,,,253,137,1760,9,6,2
"Keenum, Case",QB,HOU,2014,2,10,35,,,,,,77,45,435,2,2,1
"Kelce, Travis",TE,KC,2014,16,,,,87,67,862,5,,,,,,3
"Keller, Dustin",TE,NYJ,2012,8,,,,36,28,317,2,,,,,,
"Kendricks, Lance",TE,STL,2012,16,,,,64,42,519,4,,,,,,
"Kendricks, Lance",TE,STL,2013,15,,,,46,32,258,4,,,,,,
"Kendricks, Lance",TE,STL,2014,16,,,,38,27,259,5,,,,,,
"Kerley, Jeremy",WR,NYJ,2012,16,5,8,,95,56,827,2,,,,,,3
"Kerley, Jeremy",WR,NYJ,2013,12,4,11,,72,43,523,3,,,,,,
"Kerley, Jeremy",WR,NYJ,2014,16,4,86,,75,38,409,1,,,,,,
"King, Jeff",TE,ARI,2012,16,,,,29,17,129,,,,,,,
"King, Tavarres",WR,TB,2014,2,,,,3,2,13,,,,,,,
"Kolb, Kevin",QB,ARI,2012,6,16,100,1,,,,,183,109,1169,8,3,2
"Kuhn, John",RB,GBP,2012,14,23,63,1,16,15,148,,,,,,,
"Kuhn, John",RB,GB,2013,15,10,38,1,19,13,81,,,,,,,1
"Kuhn, John",RB,GB,2014,16,24,85,1,4,4,23,,,,,,,
"Lacy, Eddie",RB,GB,2013,15,284,1178,11,44,35,257,,,,,,,1
"Lacy, Eddie",RB,GB,2014,16,246,1139,9,55,42,427,4,,,,,,2
"LaFell, Brandon",WR,CAR,2012,14,3,35,,76,44,677,4,,,,,,
"LaFell, Brandon",WR,CAR,2013,16,2,15,,85,49,627,5,,,,,,
"LaFell, Brandon",WR,NE,2014,16,2,13,,119,74,953,7,,,,,,1
"Landry, Jarvis",WR,MIA,2014,16,2,-4,,112,84,758,5,,,,,,4
"Lane, Jorvorskie",RB,MIA,2012,16,13,13,2,12,11,79,1,,,,,,1
"Lane, Jorvorskie",RB,TB,2014,9,3,58,,1,1,3,,,,,,,
"Larsen, Spencer",RB,TB,2013,13,,,,,,,,,,,,,
"Latimer, Cody",WR,DEN,2014,8,,,,4,2,23,,,,,,,
"Leach, Vonta",RB,BAL,2012,16,9,32,1,24,21,143,,,,,,,
"Leach, Vonta",RB,BAL,2013,16,11,23,,20,11,47,1,,,,,,
"Lee, Marqise",WR,JAC,2014,13,3,9,,68,37,422,1,,,,,,
"Leftwich, Byron",QB,PIT,2012,2,1,31,1,,,,,53,25,272,,1,
"Leinart, Matt",QB,OAK,2012,2,,,,,,,,33,16,115,,1,
"Leonard, Brian",RB,CIN,2012,15,33,106,,15,11,67,,,,,,,
"Leonard, Brian",RB,TB,2013,16,47,182,,37,29,179,,,,,,,
"Leonard, Brian",RB,NO,2014,1,,,,1,1,15,,,,,,,
"Leonhardt, Brian",TE,OAK,2014,12,,,,8,6,35,1,,,,,,
"Leshoure, Mikel",RB,DET,2012,14,215,798,9,48,34,214,,,,,,,3
"Leshoure, Mikel",RB,DET,2013,3,2,9,,,,,,,,,,,
"Lewis, Dion",RB,PHI,2012,9,13,69,1,2,2,24,,,,,,,
"Lewis, Dion",RB,CLE,2013,1,,,,,,,,,,,,,
"Lewis, Lance",WR,WAS,2013,3,,,,,,,,,,,,,
"Lewis, Marcedes",TE,JAC,2012,16,,,,77,52,540,4,,,,,,
"Lewis, Marcedes",TE,JAC,2013,11,,,,47,25,359,4,,,,,,1
"Lewis, Marcedes",TE,JAC,2014,8,,,,29,18,206,2,,,,,,
"Lewis, Thaddeus",QB,CLE,2012,1,1,3,,,,,,32,22,204,1,1,
"Lewis, Thaddeus",QB,BUF,2013,6,24,52,1,,,,,157,93,1092,4,3,3
"Lindley, Ryan",QB,ARI,2012,6,4,7,,,,,,171,89,752,,7,2
"Lindley, Ryan",QB,ARI,2014,3,,,,,,,,93,45,562,2,4,
"Line, Zach",RB,MIN,2013,3,,,,3,1,8,,,,,,,
"Little, Greg",WR,CLE,2012,16,2,15,,92,53,647,4,,,,,,
"Little, Greg",WR,CLE,2013,16,,,,99,41,465,2,,,,,,
"Little, Greg",WR,CIN,2014,6,,,,12,6,69,,,,,,,
"Lloyd, Brandon",WR,NEP,2012,16,,,,130,74,911,4,,,,,,
"Lloyd, Brandon",WR,SF,2014,14,,,,35,14,294,1,,,,,,
"Locker, Jake",QB,TEN,2012,11,41,291,1,,,,,314,177,2176,10,11,4
"Locker, Jake",QB,TEN,2013,7,24,155,2,,,,,183,111,1256,8,4,1
"Locker, Jake",QB,TEN,2014,7,22,142,1,,,,,146,86,993,5,7,1
"Lockette, Ricardo",WR,SEA,2013,8,1,-2,,7,5,82,,,,,,,
"Lockette, Ricardo",WR,SEA,2014,16,1,2,,15,11,195,2,,,,,,
"Logan, Stefan",WR,DET,2012,16,3,17,,7,6,28,,,,,,,2
"Lorig, Erik",RB,TBB,2012,16,,,,19,12,83,1,,,,,,
"Lorig, Erik",RB,TB,2013,15,,,,14,11,47,,,,,,,
"Lorig, Erik",RB,NO,2014,10,3,4,,10,9,27,1,,,,,,1
"Luck, Andrew",QB,IND,2012,16,62,255,5,,,,,627,339,4374,23,18,5
"Luck, Andrew",QB,IND,2013,16,63,377,4,,,,,570,343,3822,23,9,2
"Luck, Andrew",QB,IND,2014,16,64,273,3,,,,,616,380,4761,40,16,6
"Lumpkin, Kregg",RB,NYG,2012,5,9,42,,2,0,0,,,,,,,1
"Lynch, Marshawn",RB,SEA,2012,16,315,1590,11,30,23,196,1,,,,,,2
"Lynch, Marshawn",RB,SEA,2013,16,301,1257,12,44,36,316,2,,,,,,1
"Lynch, Marshawn",RB,SEA,2014,16,280,1306,13,48,37,367,4,,,,,,2
"Maclin, Jeremy",WR,PHI,2012,15,,,,122,69,857,7,,,,,,1
"Maclin, Jeremy",WR,PHI,2014,16,,,,143,85,1318,10,,,,,,
"Maehl, Jeff",WR,PHI,2013,16,,,,9,4,67,1,,,,,,
"Maehl, Jeff",WR,PHI,2014,8,,,,5,5,46,,,,,,,
"Mallett, Ryan",QB,NEP,2012,4,8,-9,,,,,,4,1,17,,1,
"Mallett, Ryan",QB,HOU,2014,3,6,-2,,,,,,75,41,400,2,2,
"Maneri, Steve",TE,KCC,2012,13,,,,12,5,51,,,,,,,
"Maneri, Steve",TE,CHI,2013,4,,,,2,0,0,,,,,,,
"Maneri, Steve",TE,NE,2014,1,,,,1,0,0,,,,,,,
"Manning, Eli",QB,NYG,2012,16,20,30,,,,,,536,321,3948,26,15,1
"Manning, Eli",QB,NYG,2013,16,18,36,,,,,,551,317,3818,18,27,2
"Manning, Eli",QB,NYG,2014,16,12,31,1,,,,,601,379,4410,30,14,4
"Manning, Peyton",QB,DEN,2012,16,23,6,,,,,,583,400,4659,37,11,2
"Manning, Peyton",QB,DEN,2013,16,32,-31,1,,,,,659,450,5477,55,10,6
"Manning, Peyton",QB,DEN,2014,16,24,-24,,,,,,597,395,4727,39,15,2
"Manningham, Mario",WR,SFO,2012,12,3,64,,57,42,449,1,,,,,,1
"Manningham, Mario",WR,SF,2013,6,,,,23,9,85,,,,,,,
"Manuel, E.J.",QB,BUF,2013,10,53,186,2,,,,,306,180,1972,11,9,3
"Manuel, EJ",QB,BUF,2014,5,16,52,1,,,,,131,76,838,5,3,
"Manziel, Johnny",QB,CLE,2014,5,9,29,1,,,,,35,18,175,,2,
"Marecic, Owen",RB,CLE,2012,10,,,,5,0,0,,,,,,,
"Marshall, Brandon",WR,CHI,2012,16,1,-2,,192,118,1508,11,,,,,,
"Marshall, Brandon",WR,CHI,2013,16,,,,164,100,1295,12,,,,,,
"Marshall, Brandon",WR,CHI,2014,13,,,,106,61,721,8,,,,,,1
"Martin, Charly",WR,SEA,2012,4,,,,6,4,42,,,,,,,
"Martin, Doug",RB,TBB,2012,16,319,1454,11,70,49,472,1,,,,,,1
"Martin, Doug",RB,TB,2013,6,127,456,1,24,12,66,,,,,,,1
"Martin, Doug",RB,TB,2014,11,135,494,2,20,13,64,,,,,,,
"Martin, Keshawn",WR,HOU,2012,16,4,53,,28,10,85,1,,,,,,
"Martin, Keshawn",WR,HOU,2013,16,,,,40,22,253,2,,,,,,1
"Martin, Keshawn",WR,HOU,2014,16,,,,12,6,78,,,,,,,
"Martin, Ruvell",WR,BUF,2012,14,,,,6,4,41,,,,,,,
"Martino, Freddie",WR,ATL,2014,1,,,,1,0,0,,,,,,,
"Mason, Tre",RB,STL,2014,12,179,765,4,26,16,148,1,,,,,,1
"Massaquoi, Mohamed",WR,CLE,2012,9,,,,33,17,254,,,,,,,
"Mastrud, Jeron",TE,OAK,2013,16,,,,13,6,88,,,,,,,
"Mathews, Ryan",RB,SDC,2012,12,184,707,1,56,39,252,,,,,,,2
"Mathews, Ryan",RB,SD,2013,16,285,1255,6,33,26,189,1,,,,,,1
"Mathews, Ryan",RB,SD,2014,6,75,328,3,10,9,69,,,,,,,
"Matthews, Jordan",WR,PHI,2014,16,,,,103,67,872,8,,,,,,
"Matthews, Rishard",WR,MIA,2012,8,,,,20,11,151,,,,,,,
"Matthews, Rishard",WR,MIA,2013,16,,,,67,41,448,2,,,,,,
"Matthews, Rishard",WR,MIA,2014,14,1,3,,22,12,135,2,,,,,,
"Maui'a, Reagan",RB,ARI,2012,3,,,,1,1,7,,,,,,,
"McClain, Le'Ron",RB,SDC,2012,16,14,42,,10,8,29,,,,,,,
"McClain, Le'Ron",RB,SD,2013,16,11,32,,3,2,-7,,,,,,,
"McCluster, Dexter",RB,KCC,2012,16,12,70,,77,52,452,1,,,,,,2
"McCluster, Dexter",RB,KC,2013,15,8,5,,83,53,511,2,,,,,,
"McCluster, Dexter",RB,TEN,2014,14,40,131,,36,26,197,1,,,,,,1
"McCown, Josh",QB,CHI,2013,8,13,69,1,,,,,224,149,1829,13,1,1
"McCown, Josh",QB,TB,2014,11,25,127,3,,,,,327,184,2206,11,14,4
"McCown, Luke",QB,ATL,2012,2,2,-3,,,,,,,,,,,
"McCown, Luke",QB,NO,2013,16,3,-4,,,,,,1,0,0,,,
"McCown, Luke",QB,NO,2014,16,,,,,,,,0,0,0,,,
"McCoy, Anthony",TE,SEA,2012,16,,,,28,18,291,3,,,,,,
"McCoy, Colt",QB,CLE,2012,3,4,15,,,,,,17,9,79,1,,
"McCoy, Colt",QB,SF,2013,4,6,-6,,,,,,1,1,13,,,
"McCoy, Colt",QB,WAS,2014,5,16,66,1,,,,,128,91,1057,4,3,1
"McCoy, LeSean",RB,PHI,2012,12,200,840,2,67,54,373,3,,,,,,3
"McCoy, LeSean",RB,PHI,2013,16,314,1607,9,64,52,539,2,,,,,,1
"McCoy, LeSean",RB,PHI,2014,16,315,1319,5,38,29,155,,,,,,,3
"McDonald, Vance",TE,SF,2013,15,,,,19,8,119,,,,,,,
"McDonald, Vance",TE,SF,2014,8,,,,8,2,30,,,,,,,1
"McElroy Jr., Greg",QB,NYJ,2012,2,8,30,,,,,,31,19,214,1,1,1
"McFadden, Darren",RB,OAK,2012,12,216,707,2,63,42,258,1,,,,,,2
"McFadden, Darren",RB,OAK,2013,10,114,379,5,25,17,108,,,,,,,1
"McFadden, Darren",RB,OAK,2014,16,155,534,2,56,36,212,,,,,,,1
"McGahee, Willis",RB,DEN,2012,10,167,731,4,33,26,221,,,,,,,4
"McGahee, Willis",RB,CLE,2013,12,138,377,2,11,8,20,,,,,,,1
"McGloin, Matthew",QB,OAK,2013,7,11,27,,,,,,211,118,1547,8,8,1
"McGloin, Matthew",QB,OAK,2014,1,2,3,,,,,,19,12,129,1,2,
"McGrath, Sean",TE,KC,2013,16,,,,40,26,302,2,,,,,,
"McIntyre, Corey",RB,BUF,2012,16,,,,2,1,9,,,,,,,
"McKinnon, Jerick",RB,MIN,2014,11,113,538,,41,27,135,,,,,,,
"McKnight, Joe",RB,NYJ,2012,15,30,179,,2,1,18,,,,,,,1
"McKnight, Joe",RB,KC,2014,2,1,3,,7,6,64,2,,,,,,
"McMichael, Randy",TE,SDC,2012,16,,,,13,9,51,,,,,,,
"McNeill, Mike",TE,STL,2012,14,,,,7,4,31,,,,,,,
"McNeill, Mike",TE,STL,2013,14,,,,1,1,5,,,,,,,
"McNutt, Marvin",WR,IND,2012,20,,,,2,0,0,,,,,,,
"McNutt, Marvin",WR,IND,2013,16,,,,1,0,0,,,,,,,
"Meachem, Robert",WR,SDC,2012,15,1,-6,,32,14,207,2,,,,,,
"Meachem, Robert",WR,NO,2013,15,2,-1,,30,16,324,2,,,,,,
"Meachem, Robert",WR,NO,2014,11,,,,21,7,114,,,,,,,
"Mendenhall, Rashard",RB,PIT,2012,6,51,182,,11,9,62,1,,,,,,1
"Mendenhall, Rashard",RB,ARI,2013,15,217,687,8,21,18,134,,,,,,,3
"Mettenberger, Zach",QB,TEN,2014,7,5,4,,,,,,179,107,1412,8,7,2
"Michael, Christine",RB,SEA,2013,3,18,79,,,,,,,,,,,
"Michael, Christine",RB,SEA,2014,10,34,175,,2,1,12,,,,,,,
"Miller, Brit",RB,STL,2012,9,,,,3,0,0,,,,,,,1
"Miller, Bruce",RB,SFO,2012,16,5,18,,13,12,84,,,,,,,
"Miller, Bruce",RB,SF,2013,14,7,13,,36,25,243,,,,,,,
"Miller, Bruce",RB,SF,2014,16,6,9,,25,18,189,2,,,,,,1
"Miller, Heath",TE,PIT,2012,15,,,,101,71,816,8,,,,,,
"Miller, Heath",TE,PIT,2013,14,,,,81,58,593,1,,,,,,1
"Miller, Heath",TE,PIT,2014,16,,,,91,66,761,3,,,,,,1
"Miller, Lamar",RB,MIA,2012,13,51,250,1,8,6,45,,,,,,,
"Miller, Lamar",RB,MIA,2013,16,177,709,2,35,26,170,,,,,,,1
"Miller, Lamar",RB,MIA,2014,16,216,1099,8,52,38,275,1,,,,,,3
"Miller, Zach",TE,SEA,2012,16,,,,53,38,396,3,,,,,,1
"Miller, Zach",TE,SEA,2013,14,,,,56,33,387,5,,,,,,
"Miller, Zach",TE,SEA,2014,3,,,,7,6,76,,,,,,,
"Milton, Keavon",TE,CLE,2013,8,,,,,,,,,,,,,
"Moeaki, Tony",TE,KCC,2012,15,,,,56,33,453,1,,,,,,
"Moeaki, Tony",TE,BUF,2013,1,,,,,,,,,,,,,
"Moeaki, Tony",TE,SEA,2014,6,,,,13,8,134,1,,,,,,
"Moncrief, Donte",WR,IND,2014,16,4,17,,49,32,444,3,,,,,,
"Mooney, Collin",RB,TEN,2012,2,5,19,,,,,,,,,,,
"Mooney, Collin",RB,TEN,2013,12,,,,6,6,32,,,,,,,
"Moore, Denarius",WR,OAK,2012,15,1,-5,,114,51,741,7,,,,,,
"Moore, Denarius",WR,OAK,2013,13,,,,86,46,695,5,,,,,,
"Moore, Denarius",WR,OAK,2014,10,1,1,,27,12,115,,,,,,,1
"Moore, Evan",TE,SEA,2012,15,,,,8,1,6,,,,,,,
"Moore, Lance",WR,NOS,2012,15,,,,104,65,1041,6,,,,,,
"Moore, Lance",WR,NO,2013,13,,,,54,37,457,2,,,,,,1
"Moore, Lance",WR,PIT,2014,14,,,,26,14,198,2,,,,,,
"Moore, Marlon",WR,MIA,2012,14,1,9,,11,6,116,1,,,,,,
"Moore, Marlon",WR,SF,2013,14,1,9,,15,7,62,,,,,,,
"Moore, Matt",QB,MIA,2012,2,5,-3,,,,,,19,11,131,1,,
"Moore, Matt",QB,MIA,2013,1,,,,,,,,6,2,53,,2,
"Moore, Matt",QB,MIA,2014,2,2,-2,,,,,,4,2,21,,,
"Moore, Mewelde",RB,IND,2012,9,13,20,,8,6,77,1,,,,,,1
"Moreno, Knowshon",RB,DEN,2012,8,139,528,4,26,21,167,,,,,,,1
"Moreno, Knowshon",RB,DEN,2013,16,241,1038,10,74,60,548,3,,,,,,
"Moreno, Knowshon",RB,MIA,2014,3,31,148,1,1,1,8,,,,,,,
"Morgan, Joseph",WR,NOS,2012,14,1,1,,20,10,379,3,,,,,,
"Morgan, Joseph",WR,NO,2014,5,1,67,,10,4,92,,,,,,,
"Morgan, Josh",WR,WAS,2012,16,3,25,,73,48,510,2,,,,,,
"Morgan, Josh",WR,WAS,2013,14,2,13,,33,20,214,,,,,,,
"Morgan, Josh",WR,CHI,2014,14,2,30,,19,10,70,1,,,,,,
"Morris, Alfred",RB,WAS,2012,16,335,1613,13,16,11,77,,,,,,,3
"Morris, Alfred",RB,WAS,2013,16,276,1275,7,12,9,78,,,,,,,4
"Morris, Alfred",RB,WAS,2014,16,265,1074,8,26,17,155,,,,,,,
"Moss, Randy",WR,SFO,2012,16,,,,50,28,434,3,,,,,,
"Moss, Santana",WR,WAS,2012,16,3,14,,62,41,573,8,,,,,,1
"Moss, Santana",WR,WAS,2013,16,3,25,,79,42,452,2,,,,,,2
"Moss, Santana",WR,WAS,2014,9,,,,15,10,116,,,,,,,
"Moye, Derek",WR,PIT,2013,8,,,,6,2,20,1,,,,,,
"Mulligan, Matthew",TE,STL,2012,16,,,,12,8,84,1,,,,,,
"Mulligan, Matthew",TE,NE,2013,15,,,,3,2,16,1,,,,,,
"Murphy, Louis",WR,CAR,2012,16,1,3,,61,25,336,1,,,,,,
"Murphy, Louis",WR,NYG,2013,14,,,,13,6,37,1,,,,,,1
"Murphy, Louis",WR,TB,2014,11,,,,56,31,380,2,,,,,,
"Murphy, Richard",RB,JAC,2012,5,23,92,,1,0,0,,,,,,,
"Murray, DeMarco",RB,DAL,2012,10,161,663,4,42,35,251,,,,,,,2
"Murray, DeMarco",RB,DAL,2013,14,217,1121,9,66,53,350,1,,,,,,1
"Murray, DeMarco",RB,DAL,2014,16,393,1845,13,64,57,416,,,,,,,5
"Murray, Latavius",RB,OAK,2014,15,82,424,2,23,17,143,,,,,,,
"Myers, Brandon",TE,OAK,2012,16,,,,105,79,806,4,,,,,,
"Myers, Brandon",TE,TB,2014,14,,,,32,22,190,,,,,,,
"Naanee, Legedu",WR,MIA,2012,4,,,,5,1,19,,,,,,,1
"Nassib, Ryan",QB,NYG,2014,4,2,-3,,,,,,5,4,60,,,
"Nelson, David",WR,BUF,2012,1,,,,5,2,31,,,,,,,
"Nelson, David",WR,NYJ,2013,12,,,,60,36,423,2,,,,,,
"Nelson, David",WR,NYJ,2014,6,,,,16,8,65,,,,,,,
"Nelson, Jordy",WR,GBP,2012,12,,,,73,49,745,7,,,,,,
"Nelson, Jordy",WR,GB,2013,16,,,,127,85,1314,8,,,,,,
"Nelson, Jordy",WR,GB,2014,16,,,,151,98,1519,13,,,,,,
"Newsome, Jamar",WR,KCC,2012,6,,,,16,5,73,,,,,,,
"Newton, Cam",QB,CAR,2012,16,127,741,8,,,,,485,280,3869,19,12,2
"Newton, Cam",QB,CAR,2013,16,111,585,6,,,,,473,292,3379,24,13,1
"Newton, Cam",QB,CAR,2014,14,103,539,5,,,,,448,262,3127,18,12,5
"Nicks, Hakeem",WR,NYG,2012,13,,,,100,53,692,3,,,,,,
"Nicks, Hakeem",WR,NYG,2013,15,,,,101,56,896,,,,,,,
"Nicks, Hakeem",WR,IND,2014,16,,,,68,38,405,4,,,,,,
"Niklas, Troy",TE,ARI,2014,7,,,,4,3,38,,,,,,,
"Noble, Danny",TE,JAC,2013,8,,,,3,2,63,1,,,,,,
"Norwood, Jordan",WR,CLE,2012,2,1,1,,19,13,137,,,,,,,
"Norwood, Kevin",WR,SEA,2014,9,,,,10,9,102,,,,,,,
"Obomanu, Ben",WR,SEA,2012,8,1,11,,9,4,58,,,,,,,
"Obomanu, Ben",WR,NYJ,2013,3,,,,1,1,8,,,,,,,
"O'Connell, Jake",TE,KCC,2012,8,,,,3,3,18,,,,,,,
"Ogbonnaya, Chris",RB,CLE,2012,15,8,30,,32,24,187,,,,,,,1
"Ogbonnaya, Chris",RB,CLE,2013,16,48,239,,75,48,343,2,,,,,,2
"Ogbonnaya, Chris",RB,CAR,2014,7,14,50,1,1,0,0,,,,,,,
"Ogletree, Kevin",WR,DAL,2012,15,2,9,,55,32,436,4,,,,,,
"Ogletree, Kevin",WR,TB,2013,16,,,,45,21,269,2,,,,,,
"Ogletree, Kevin",WR,NYG,2014,7,,,,9,5,50,,,,,,,
"Olawale, Jamize",RB,OAK,2013,16,3,6,,11,7,63,,,,,,,
"Olawale, Jamize",RB,OAK,2014,16,2,0,,6,5,18,2,,,,,,
"Oliver, Branden",RB,SD,2014,14,160,582,3,45,36,271,1,,,,,,
"Olsen, Greg",TE,CAR,2012,16,,,,104,69,843,5,,,,,,
"Olsen, Greg",TE,CAR,2013,16,,,,111,73,816,6,,,,,,
"Olsen, Greg",TE,CAR,2014,16,,,,123,84,1008,6,,,,,,
"Orlovsky, Dan",QB,TBB,2012,1,,,,,,,,7,4,51,,,
"Orlovsky, Dan",QB,TB,2013,2,,,,,,,,,,,,,
"Orton, Kyle",QB,DAL,2012,1,,,,,,,,10,9,89,1,,
"Orton, Kyle",QB,DAL,2013,3,1,8,,,,,,51,33,398,2,2,
"Orton, Kyle",QB,BUF,2014,12,15,14,1,,,,,447,287,3018,18,10,3
"Osgood, Kassim",WR,SF,2013,14,,,,1,1,17,,,,,,,
"Osgood, Kassim",WR,SF,2014,13,,,,1,0,0,,,,,,,
"Osweiler, Brock",QB,DEN,2012,5,8,-13,,,,,,4,2,12,,,
"Osweiler, Brock",QB,DEN,2013,4,3,2,,,,,,16,11,95,,,
"Osweiler, Brock",QB,DEN,2014,4,8,0,,,,,,10,4,52,1,,
"Owens, Montell",RB,JAC,2012,13,42,209,1,10,8,113,,,,,,,
"Owens, Montell",RB,DET,2013,1,,,,,,,,,,,,,
"Owusu, Chris",WR,TB,2013,9,,,,20,13,114,,,,,,,
"Owusu, Chris",WR,TB,2014,8,1,23,1,6,6,78,1,,,,,,
"Painter, Curtis",QB,NYG,2013,3,3,-2,,,,,,16,8,57,,2,
"Palmer, Carson",QB,OAK,2012,15,18,36,1,,,,,565,345,4018,22,14,5
"Palmer, Carson",QB,ARI,2013,16,27,3,,,,,,572,362,4274,24,22,3
"Palmer, Carson",QB,ARI,2014,6,8,25,,,,,,224,141,1626,11,3,1
"Palmer, Jordan",QB,TEN,2014,1,1,-1,,,,,,3,1,7,,,
"Palmer, Michael",TE,ATL,2012,13,,,,6,6,22,1,,,,,,
"Palmer, Michael",TE,PIT,2013,16,,,,1,1,8,,,,,,,
"Palmer, Michael",TE,PIT,2014,15,,,,2,1,1,1,,,,,,
"Parker, Preston",WR,TBB,2012,2,1,7,,2,0,0,,,,,,,
"Parker, Preston",WR,NYG,2014,16,,,,56,36,418,2,,,,,,1
"Parmele, Jalen",RB,JAC,2012,11,40,143,,9,7,60,,,,,,,
"Parmele, Jalen",RB,ARI,2014,1,1,0,,,,,,,,,,,
"Pascoe, Bear",TE,NYG,2012,15,,,,9,4,35,1,,,,,,
"Pascoe, Bear",TE,NYG,2013,16,1,2,,20,12,81,,,,,,,
"Pascoe, Bear",TE,ATL,2014,16,,,,2,2,3,1,,,,,,
"Patterson, Cordarrelle",WR,MIN,2013,16,12,158,3,77,45,469,4,,,,,,
"Patterson, Cordarrelle",WR,MIN,2014,16,10,117,1,67,33,384,1,,,,,,1
"Patton, Quinton",WR,SF,2013,6,1,26,,5,3,34,,,,,,,
"Patton, Quinton",WR,SF,2014,4,1,20,,8,3,44,,,,,,,1
"Patton, Solomon",WR,TB,2014,7,1,19,,,,,,,,,,,
"Paul, Niles",TE,WAS,2012,16,1,-1,,15,8,152,1,,,,,,
"Paul, Niles",TE,WAS,2013,15,,,,8,4,51,,,,,,,
"Paul, Niles",TE,WAS,2014,16,,,,52,39,507,1,,,,,,1
"Paulsen, Logan",TE,WAS,2012,16,,,,38,25,308,1,,,,,,
"Paulsen, Logan",TE,WAS,2013,16,,,,50,28,267,3,,,,,,2
"Paulsen, Logan",TE,WAS,2014,16,,,,16,13,78,1,,,,,,1
"Paulson, David",TE,PIT,2012,16,,,,11,7,51,,,,,,,
"Paulson, David",TE,PIT,2013,16,,,,10,6,102,,,,,,,1
"Pead, Isaiah",RB,STL,2012,15,10,54,,4,3,16,,,,,,,1
"Pead, Isaiah",RB,STL,2013,10,7,21,,15,11,78,,,,,,,
"Peerman, Cedric",RB,CIN,2012,14,36,258,1,9,9,85,,,,,,,
"Peerman, Cedric",RB,CIN,2013,16,8,17,,,,,,,,,,,
"Peerman, Cedric",RB,CIN,2014,16,15,43,,5,3,27,,,,,,,
"Perry, Senorise",RB,CHI,2014,16,,,,1,1,-1,,,,,,,
"Peterson, Adrian",RB,MIN,2012,16,348,2097,12,51,40,217,1,,,,,,2
"Peterson, Adrian",RB,MIN,2013,14,279,1266,10,40,29,171,1,,,,,,3
"Peterson, Adrian",RB,MIN,2014,1,21,75,,3,2,18,,,,,,,
"Pettigrew, Brandon",TE,DET,2012,14,,,,102,59,567,3,,,,,,2
"Pettigrew, Brandon",TE,DET,2013,14,,,,63,41,416,2,,,,,,1
"Pettigrew, Brandon",TE,DET,2014,14,,,,15,10,70,,,,,,,
"Pettis, Austin",WR,STL,2012,14,,,,48,30,261,4,,,,,,
"Pettis, Austin",WR,STL,2013,16,,,,63,38,399,4,,,,,,
"Pettis, Austin",WR,STL,2014,5,,,,18,12,118,1,,,,,,
"Phillips, John",TE,DAL,2012,16,,,,10,8,55,1,,,,,,
"Phillips, John",TE,SD,2013,15,,,,6,4,30,,,,,,,
"Phillips, John",TE,SD,2014,16,,,,1,1,1,1,,,,,,
"Pierce, Bernard",RB,BAL,2012,16,108,532,1,11,7,47,,,,,,,
"Pierce, Bernard",RB,BAL,2013,16,152,436,2,25,20,104,,,,,,,
"Pierce, Bernard",RB,BAL,2014,13,93,366,2,6,2,13,,,,,,,1
"Pilares, Kealoha",WR,CAR,2012,8,1,17,,4,2,42,1,,,,,,
"Pitta, Dennis",TE,BAL,2012,16,,,,94,61,669,7,,,,,,
"Pitta, Dennis",TE,BAL,2013,4,,,,33,20,169,1,,,,,,
"Pitta, Dennis",TE,BAL,2014,3,,,,22,16,125,,,,,,,
"Polite, Lousaka",RB,ATL,2012,6,,,,7,1,8,,,,,,,
"Polk, Chris",RB,PHI,2013,15,11,98,3,5,4,61,,,,,,,
"Polk, Chris",RB,PHI,2014,14,46,172,4,3,2,16,,,,,,,
"Ponder, Christian",QB,MIN,2012,16,60,253,2,,,,,483,300,2935,18,12,5
"Ponder, Christian",QB,MIN,2013,9,34,151,4,,,,,239,152,1648,7,9,4
"Ponder, Christian",QB,MIN,2014,2,4,16,1,,,,,44,22,222,,2,
"Poole, Tauren",RB,CAR,2014,1,1,0,,,,,,,,,,,1
"Pope, Leonard",TE,PIT,2012,16,,,,4,3,9,2,,,,,,
"Posey, DeVier",WR,HOU,2012,11,1,-3,,14,6,87,,,,,,,
"Posey, DeVier",WR,HOU,2013,13,,,,25,15,155,,,,,,,
"Posey, DeVier",WR,HOU,2014,1,,,,1,1,30,,,,,,,
"Potter, Zach",TE,JAC,2012,16,,,,7,2,6,,,,,,,
"Powell, Bilal",RB,NYJ,2012,14,110,437,4,36,17,140,,,,,,,
"Powell, Bilal",RB,NYJ,2013,16,176,697,1,57,36,272,,,,,,,
"Powell, Bilal",RB,NYJ,2014,15,33,141,1,15,11,92,,,,,,,
"Powell, William",RB,ARI,2012,13,60,217,,25,19,132,,,,,,,
"Pressley, Chris",RB,CIN,2012,14,,,,3,1,1,1,,,,,,
"Preston, Michael",WR,TEN,2012,4,,,,7,5,59,,,,,,,
"Preston, Michael",WR,TEN,2013,7,,,,7,5,37,2,,,,,,
"Prosch, Jay",RB,HOU,2014,16,,,,4,1,24,,,,,,,
"Pryor, Terrelle",QB,OAK,2012,3,10,51,1,,,,,30,14,155,2,1,
"Pryor, Terrelle",QB,OAK,2013,11,83,576,2,,,,,272,156,1798,7,11,2
"Quarless, Andrew",TE,GB,2013,16,,,,53,32,312,2,,,,,,
"Quarless, Andrew",TE,GB,2014,16,,,,46,29,323,3,,,,,,
"Quick, Brian",WR,STL,2012,14,,,,27,11,156,2,,,,,,
"Quick, Brian",WR,STL,2013,16,,,,35,18,302,2,,,,,,
"Quick, Brian",WR,STL,2014,7,,,,39,25,375,3,,,,,,
"Quinn, Brady",QB,KCC,2012,10,19,66,,,,,,197,112,1141,2,8,
"Rainey, Bobby",RB,CLE,2013,16,150,566,5,19,15,46,1,,,,,,1
"Rainey, Bobby",RB,TB,2014,15,94,406,1,45,33,315,1,,,,,,3
"Rainey, Chris",RB,PIT,2012,16,26,102,2,22,14,60,,,,,,,1
"Randle, Joseph",RB,DAL,2013,12,54,164,2,10,8,61,,,,,,,
"Randle, Joseph",RB,DAL,2014,16,51,343,3,5,4,23,,,,,,,2
"Randle, Rueben",WR,NYG,2012,16,,,,32,19,298,3,,,,,,
"Randle, Rueben",WR,NYG,2013,16,,,,78,41,611,6,,,,,,1
"Randle, Rueben",WR,NYG,2014,16,,,,127,71,938,3,,,,,,
"Reaves, Darrin",RB,CAR,2014,6,32,77,,8,5,31,,,,,,,
"Redd, Silas",RB,WAS,2014,14,16,75,1,10,8,107,,,,,,,
"Redman, Isaac",RB,PIT,2012,14,110,410,2,23,19,244,,,,,,,3
"Redman, Isaac",RB,PIT,2013,4,10,12,,5,4,14,,,,,,,
"Reece, Marcel",RB,OAK,2012,16,59,271,,73,52,496,1,,,,,,
"Reece, Marcel",RB,OAK,2013,16,46,218,2,54,32,331,2,,,,,,
"Reece, Marcel",RB,OAK,2014,15,21,85,,59,37,265,1,,,,,,1
"Reed, David",WR,BAL,2012,8,,,,6,5,66,,,,,,,
"Reed, David",WR,IND,2013,7,,,,3,1,2,,,,,,,
"Reed, Jordan",TE,WAS,2013,9,1,18,,59,45,499,3,,,,,,
"Reed, Jordan",TE,WAS,2014,11,,,,65,50,465,,,,,,,1
"Reisner, Allen",TE,MIN,2012,4,,,,2,1,13,,,,,,,
"Reisner, Allen",TE,JAC,2013,5,,,,9,5,40,,,,,,,
"Reuland, Konrad",TE,NYJ,2012,16,,,,16,11,83,,,,,,,
"Reuland, Konrad",TE,NYJ,2013,10,,,,3,1,7,,,,,,,
"Reynaud, Darius",WR,TEN,2012,16,16,33,,9,5,35,,,,,,,
"Reynaud, Darius",RB,TEN,2013,9,1,0,,2,1,4,,,,,,,1
"Reynolds, Chase",RB,STL,2013,16,,,,,,,,,,,,,
"Rice, Ray",RB,BAL,2012,16,257,1143,9,83,61,478,1,,,,,,
"Rice, Ray",RB,BAL,2013,15,214,660,4,73,58,321,,,,,,,2
"Rice, Sidney",WR,SEA,2012,16,2,6,,82,50,748,7,,,,,,
"Rice, Sidney",WR,SEA,2013,8,,,,35,15,231,3,,,,,,1
"Richardson, Daryl",RB,STL,2012,16,98,475,,36,24,163,,,,,,,2
"Richardson, Daryl",RB,STL,2013,7,69,215,,18,14,121,,,,,,,
"Richardson, Paul",WR,SEA,2014,15,,,,44,29,271,1,,,,,,
"Richardson, Trent",RB,CLE,2012,15,267,950,11,70,51,367,1,,,,,,
"Richardson, Trent",RB,CLE,2013,16,188,563,3,52,35,316,1,,,,,,1
"Richardson, Trent",RB,IND,2014,15,159,519,3,34,27,229,,,,,,,1
"Riddick, Theo",RB,DET,2013,14,9,25,1,8,4,26,,,,,,,
"Riddick, Theo",RB,DET,2014,14,20,51,,50,34,316,4,,,,,,
"Ridley, Stevan",RB,NEP,2012,16,290,1263,12,14,6,51,,,,,,,2
"Ridley, Stevan",RB,NE,2013,14,178,773,7,12,10,62,,,,,,,4
"Ridley, Stevan",RB,NE,2014,6,94,340,2,5,4,20,,,,,,,
"Ringer, Javon",RB,TEN,2012,2,2,14,,5,3,12,,,,,,,
"Rivera, Mychal",TE,OAK,2013,16,,,,60,38,407,4,,,,,,
"Rivera, Mychal",TE,OAK,2014,16,,,,99,58,534,4,,,,,,1
"Rivers, Philip",QB,SDC,2012,16,27,40,,,,,,527,338,3606,26,15,7
"Rivers, Philip",QB,SD,2013,16,28,72,,,,,,544,378,4478,32,11,2
"Rivers, Philip",QB,SD,2014,16,37,102,,,,,,570,379,4286,31,18,2
"Roberts, Andre",WR,ARI,2012,15,4,29,,114,64,759,5,,,,,,
"Roberts, Andre",WR,ARI,2013,16,,,,76,43,471,2,,,,,,
"Roberts, Andre",WR,WAS,2014,16,2,21,,73,36,453,2,,,,,,2
"Robinson, Adrien",TE,NYG,2013,1,,,,,,,,,,,,,
"Robinson, Adrien",TE,NYG,2014,16,,,,7,5,50,1,,,,,,
"Robinson, Aldrick",WR,WAS,2012,15,1,14,,19,11,237,3,,,,,,
"Robinson, Aldrick",WR,WAS,2013,16,3,-4,,46,18,365,2,,,,,,
"Robinson, Aldrick",WR,WAS,2014,5,,,,3,1,6,,,,,,,
"Robinson, Allen",WR,JAC,2014,10,,,,81,48,548,2,,,,,,
"Robinson, Denard",RB,JAC,2013,16,19,66,,1,0,0,,,,,,,2
"Robinson, Denard",RB,JAC,2014,13,135,582,4,31,23,124,,,,,,,2
"Robinson, Gerell",TE,MIA,2014,2,,,,1,0,0,,,,,,,
"Robinson, Khiry",RB,NO,2013,10,54,224,1,,,,,,,,,,
"Robinson, Khiry",RB,NO,2014,9,76,362,3,11,8,63,,,,,,,2
"Robinson, Laurent",WR,JAC,2012,7,,,,43,24,252,,,,,,,1
"Robinson, Michael",RB,SEA,2012,16,12,49,,15,13,126,2,,,,,,
"Robinson, Michael",RB,SEA,2013,9,1,0,,3,2,27,,,,,,,
"Robiskie, Brian",WR,DET,2012,6,,,,6,4,44,1,,,,,,
"Robiskie, Brian",WR,ATL,2013,1,,,,1,0,0,,,,,,,
"Roby, Courtney",WR,NOS,2012,13,,,,2,1,9,,,,,,,
"Roby, Courtney",WR,ATL,2014,4,,,,2,1,11,,,,,,,
"Rodgers, Aaron",QB,GBP,2012,16,54,259,2,,,,,552,371,4295,39,8,4
"Rodgers, Aaron",QB,GB,2013,9,30,120,,,,,,290,193,2536,17,6,
"Rodgers, Aaron",QB,GB,2014,16,43,269,2,,,,,520,341,4381,38,5,2
"Rodgers, Jacquizz",RB,ATL,2012,16,94,362,1,59,53,402,1,,,,,,
"Rodgers, Jacquizz",RB,ATL,2013,15,96,332,2,62,52,341,2,,,,,,1
"Rodgers, Jacquizz",RB,ATL,2014,16,58,217,1,40,29,173,1,,,,,,
"Rodgers, Richard",TE,GB,2014,16,,,,30,20,225,2,,,,,,
"Rodriguez, Evan",RB,CHI,2012,12,,,,8,4,21,,,,,,,
"Rodriguez, Evan",RB,BUF,2013,7,,,,1,0,0,,,,,,,
"Roethlisberger, Ben",QB,PIT,2012,13,26,92,,,,,,449,284,3265,26,8,3
"Roethlisberger, Ben",QB,PIT,2013,16,27,99,1,,,,,584,375,4261,28,14,6
"Roethlisberger, Ben",QB,PIT,2014,16,33,27,,,,,,608,408,4952,32,9,5
"Rogers, Da'Rick",WR,IND,2013,5,1,0,,23,14,192,2,,,,,,
"Romo, Tony",QB,DAL,2012,16,30,49,1,,,,,648,425,4903,28,19,3
"Romo, Tony",QB,DAL,2013,15,20,38,,,,,,535,342,3828,31,10,1
"Romo, Tony",QB,DAL,2014,15,26,61,,,,,,435,304,3705,34,9,3
"Rosario, Dante",TE,SDC,2012,13,,,,18,10,95,3,,,,,,1
"Rosario, Dante",TE,CHI,2013,15,,,,4,1,13,,,,,,,
"Rosario, Dante",TE,CHI,2014,16,,,,22,16,116,,,,,,,1
"Ross, Jeremy",WR,GB,2013,13,2,40,,12,6,67,1,,,,,,1
"Ross, Jeremy",WR,DET,2014,16,2,-1,,35,24,314,1,,,,,,2
"Royal, Eddie",WR,SDC,2012,10,3,22,,44,23,234,1,,,,,,
"Royal, Eddie",WR,SD,2013,15,3,21,,67,47,631,8,,,,,,1
"Royal, Eddie",WR,SD,2014,16,3,14,,91,62,778,7,,,,,,1
"Royster, Evan",RB,WAS,2012,16,23,88,2,23,15,109,,,,,,,
"Royster, Evan",RB,WAS,2013,10,2,0,,1,1,3,,,,,,,
"Rudolph, Kyle",TE,MIN,2012,16,,,,93,53,493,9,,,,,,
"Rudolph, Kyle",TE,MIN,2013,8,,,,46,30,313,3,,,,,,
"Rudolph, Kyle",TE,MIN,2014,9,,,,34,24,231,2,,,,,,
"Ryan, Matt",QB,ATL,2012,16,33,138,1,,,,,615,422,4719,32,14,2
"Ryan, Matt",QB,ATL,2013,16,17,55,,,,,,651,439,4515,26,17,4
"Ryan, Matt",QB,ATL,2014,16,29,145,,,,,,628,415,4694,28,14,2
"Salas, Greg",WR,NYJ,2013,8,,,,13,8,143,,,,,,,
"Salas, Greg",WR,NYJ,2014,10,1,20,1,23,8,167,,,,,,,
"Sanchez, Mark",QB,NYJ,2012,15,22,28,,,,,,453,246,2883,13,18,8
"Sanchez, Mark",QB,PHI,2014,9,34,87,1,,,,,309,198,2418,14,11,3
"Sanders, Ace",WR,JAC,2013,15,3,4,,87,51,484,1,,,,,,
"Sanders, Ace",WR,JAC,2014,12,,,,8,6,55,,,,,,,1
"Sanders, Emmanuel",WR,PIT,2012,16,1,4,,75,44,626,1,,,,,,2
"Sanders, Emmanuel",WR,PIT,2013,16,1,25,,112,67,740,6,,,,,,
"Sanders, Emmanuel",WR,DEN,2014,16,8,44,,141,101,1404,9,,,,,,
"Sankey, Bishop",RB,TEN,2014,16,152,569,2,23,18,133,,,,,,,2
"Sanu, Mohamed",WR,CIN,2012,9,5,15,,25,16,154,4,,,,,,
"Sanu, Mohamed",WR,CIN,2013,16,4,16,,77,47,455,2,,,,,,1
"Sanu, Mohamed",WR,CIN,2014,16,7,51,,99,56,790,5,,,,,,
"Sanzenbacher, Dane",WR,CHI,2012,5,,,,3,1,7,,,,,,,
"Sanzenbacher, Dane",WR,CIN,2013,10,,,,8,6,61,,,,,,,
"Sanzenbacher, Dane",WR,CIN,2014,10,1,-1,,15,9,105,,,,,,,1
"Saunders, Jalen",WR,NYJ,2014,8,,,,1,1,7,,,,,,,1
"Saunders, Weslye",TE,IND,2012,11,,,,4,2,15,,,,,,,
"Saunders, Weslye",TE,IND,2013,6,,,,11,4,46,,,,,,,
"Savage, Tom",QB,HOU,2014,2,6,-6,,,,,,19,10,127,,1,1
"Schaub, Matt",QB,HOU,2012,16,21,-9,,,,,,544,350,4008,22,12,
"Schaub, Matt",QB,HOU,2013,10,5,24,,,,,,358,219,2310,10,14,1
"Schaub, Matt",QB,OAK,2014,10,,,,,,,,10,5,57,,2,1
"Scheffler, Tony",TE,DET,2012,15,,,,85,42,504,1,,,,,,
"Scheffler, Tony",TE,DET,2013,5,,,,12,7,82,,,,,,,
"Schilens, Chaz",WR,NYJ,2012,15,,,,41,28,289,2,,,,,,1
"Schmitt, Owen",RB,OAK,2012,13,2,1,,,,,,,,,,,
"Scott, Bernard",RB,CIN,2012,2,8,35,,,,,,,,,,,
"Scott, Bernard",RB,BAL,2013,2,4,14,,2,2,10,,,,,,,
"Scott, Da'Rel",RB,NYG,2012,4,6,9,,,,,,,,,,,
"Scott, Da'Rel",RB,NYG,2013,5,20,73,,19,11,102,1,,,,,,
"Seferian-Jenkins, Austin",TE,TB,2014,9,,,,38,21,221,2,,,,,,1
"Shaw, Connor",QB,CLE,2014,1,7,9,,,,,,28,14,177,,1,1
"Shepard, Russell",WR,TB,2013,14,,,,,,,,,,,,,
"Shepard, Russell",WR,TB,2014,16,,,,8,4,63,,,,,,,
"Sherman, Anthony",RB,ARI,2012,13,,,,8,5,39,,,,,,,
"Sherman, Anthony",RB,KC,2013,16,2,3,,24,18,155,1,,,,,,1
"Sherman, Anthony",RB,KC,2014,16,2,8,,14,10,71,1,,,,,,
"Shiancoe, Visanthe",TE,NEP,2012,4,,,,1,0,0,,,,,,,
"Shiancoe, Visanthe",TE,TEN,2013,1,,,,2,2,2,,,,,,,
"Shipley, Jordan",WR,TBB,2012,7,,,,39,23,244,1,,,,,,1
"Shorts, Cecil",WR,JAC,2012,14,1,-4,,105,55,979,7,,,,,,1
"Shorts, Cecil",WR,JAC,2013,13,,,,123,66,777,3,,,,,,
"Shorts, Cecil",WR,JAC,2014,13,,,,110,53,557,1,,,,,,1
"Shuler, Mickey",TE,JAC,2014,3,,,,3,0,0,,,,,,,
"Simms, Matt",QB,NYJ,2013,3,5,37,,,,,,31,16,156,1,1,1
"Simms, Matt",QB,NYJ,2014,1,1,2,,,,,,8,3,39,,,
"Simpson, Jerome",WR,MIN,2012,12,,,,51,26,274,,,,,,,1
"Simpson, Jerome",WR,MIN,2013,16,,,,100,48,726,1,,,,,,
"Sims, Charles",RB,TB,2014,8,66,185,1,27,19,190,,,,,,,1
"Sims, Dion",TE,MIA,2013,15,,,,10,6,32,1,,,,,,
"Sims, Dion",TE,MIA,2014,14,,,,36,24,284,2,,,,,,
"Skelton, John",QB,ARI,2012,7,4,5,,,,,,201,109,1132,2,9,2
"Slater, Matt",WR,NE,2013,12,,,,,,,,,,,,,
"Smelley, Brad",RB,CLE,2012,2,,,,1,1,3,,,,,,,
"Smelley, Brad",TE,HOU,2013,2,,,,,,,,,,,,,
"Smith, Alex",QB,SFO,2012,10,31,132,,,,,,218,153,1737,13,5,1
"Smith, Alex",TE,CLE,2012,12,,,,18,13,47,,,,,,,
"Smith, Alex",QB,KC,2013,15,75,431,1,,,,,508,308,3313,23,7,3
"Smith, Alex",TE,CIN,2013,16,,,,6,3,12,1,,,,,,
"Smith, Alex",QB,KC,2014,15,49,254,1,,,,,464,303,3265,18,6,1
"Smith, Alfonso",RB,ARI,2012,11,,,,3,2,21,,,,,,,
"Smith, Alfonso",RB,ARI,2013,16,18,54,1,13,10,68,,,,,,,1
"Smith, Alfonso",RB,SF,2014,6,7,19,,4,3,11,,,,,,,
"Smith, Andre",WR,DAL,2013,5,,,,,,,,,,,,,
"Smith, Antone",RB,ATL,2012,13,,,,1,0,0,,,,,,,
"Smith, Antone",RB,ATL,2013,15,5,145,2,3,2,10,,,,,,,
"Smith, Antone",RB,ATL,2014,10,23,144,2,15,13,222,3,,,,,,1
"Smith, Armond",RB,CAR,2012,4,3,0,,,,,,,,,,,
"Smith, Armond",RB,CAR,2013,5,4,5,,,,,,,,,,,
"Smith, Brad",WR,BUF,2012,15,14,116,1,22,14,152,2,,,,,1,
"Smith, Brad",WR,BUF,2013,7,2,2,,2,2,27,,,,,,,
"Smith, Brad",WR,PHI,2014,13,,,,3,1,11,,,,,,,
"Smith, Geno",QB,NYJ,2013,16,72,366,6,,,,,443,247,3046,12,21,5
"Smith, Geno",QB,NYJ,2014,14,59,238,1,,,,,367,219,2525,13,13,3
"Smith, Hayden",TE,NYJ,2012,5,,,,1,1,16,,,,,,,
"Smith, Kevin",RB,DET,2012,12,37,134,1,16,10,79,1,,,,,,
"Smith, Lee",TE,BUF,2012,16,,,,4,4,13,2,,,,,,
"Smith, Lee",TE,BUF,2013,16,,,,9,5,78,,,,,,,
"Smith, Lee",TE,BUF,2014,14,,,,8,7,42,1,,,,,,
"Smith, Rodney",WR,MIN,2013,3,,,,,,,,,,,,,
"Smith, Rodney",WR,MIN,2014,4,,,,1,0,0,,,,,,,
"Smith, Rusty",QB,TEN,2012,1,,,,,,,,5,3,34,,,
"Smith, Steve",WR,CAR,2012,16,3,27,,138,73,1174,4,,,,,,1
"Smith, Steve",WR,STL,2012,9,,,,24,14,131,,,,,,,
"Smith, Steve",WR,CAR,2013,15,,,,110,64,745,4,,,,,,
"Smith, Steve",WR,BAL,2014,16,,,,134,79,1065,6,,,,,,1
"Smith, Torrey",WR,BAL,2012,16,3,9,,110,49,855,8,,,,,,
"Smith, Torrey",WR,BAL,2013,16,,,,137,65,1128,4,,,,,,
"Smith, Torrey",WR,BAL,2014,16,,,,92,49,767,11,,,,,,
"Snelling, Jason",RB,ATL,2012,16,18,63,,35,31,203,1,,,,,,1
"Snelling, Jason",RB,ATL,2013,14,44,164,1,34,29,216,3,,,,,,
"Spadola, Ryan",WR,NYJ,2013,4,,,,1,0,0,,,,,,,
"Spaeth, Matt",TE,CHI,2012,16,,,,10,6,28,1,,,,,,
"Spaeth, Matt",TE,PIT,2013,4,,,,2,1,11,1,,,,,,
"Spaeth, Matt",TE,PIT,2014,15,,,,4,3,46,1,,,,,,
"Spann, Chad",RB,HOU,2013,1,,,,,,,,,,,,,
"Spencer, Evan",WR,MIN,2014,1,5,8,,,,,,,,,,,
"Sperry, Kory",TE,ARI,2013,8,,,,1,1,16,,,,,,,
"Spiller, C.J.",RB,BUF,2012,16,207,1244,6,57,43,459,2,,,,,,3
"Spiller, C.J.",RB,BUF,2013,15,202,933,2,40,33,185,,,,,,,1
"Spiller, C.J.",RB,BUF,2014,9,77,299,,22,19,125,1,,,,,,1
"Sproles, Darren",RB,NOS,2012,13,48,244,1,104,75,667,7,,,,,,
"Sproles, Darren",RB,NO,2013,15,53,220,2,89,71,604,2,,,,,,2
"Sproles, Darren",RB,PHI,2014,15,57,329,6,62,40,387,,,,,,,1
"Spurlock, Michael",WR,SDC,2012,14,,,,29,23,200,1,,,,,,
"Spurlock, Micheal",WR,DET,2013,11,,,,,,,,,,,,,
"Spurlock, Micheal",WR,CHI,2014,1,,,,3,1,8,,,,,,,
"Stacy, Zac",RB,STL,2013,14,250,973,7,35,26,141,1,,,,,,1
"Stacy, Zac",RB,STL,2014,13,76,293,1,23,18,152,,,,,,,2
"Stafford, Matthew",QB,DET,2012,16,35,126,4,,,,,727,435,4967,20,17,4
"Stafford, Matthew",QB,DET,2013,16,37,69,2,,,,,634,371,4650,29,19,4
"Stafford, Matthew",QB,DET,2014,16,43,93,2,,,,,602,363,4257,22,12,3
"Stallworth, Donte",WR,NEP,2012,1,,,,2,1,63,1,,,,,,
"Stanback, Isaiah",TE,JAC,2012,2,,,,1,1,6,,,,,,,
"Stanton, Drew",QB,ARI,2014,9,25,63,,,,,,240,132,1711,7,5,
"Starks, James",RB,GBP,2012,6,71,255,1,6,4,31,,,,,,,
"Starks, James",RB,GB,2013,13,89,493,3,13,10,89,1,,,,,,
"Starks, James",RB,GB,2014,16,85,333,2,29,18,140,,,,,,,
"Stephens-Howling, LaRod",RB,ARI,2012,14,110,356,4,30,17,106,,,,,,,
"Stephens-Howling, LaRod",RB,PIT,2013,1,6,19,,3,2,11,,,,,,,
"Stevens, Craig",TE,TEN,2012,15,,,,33,23,275,1,,,,,,
"Stevens, Craig",TE,TEN,2013,15,,,,6,2,5,,,,,,,
"Stevens, Craig",TE,TEN,2014,5,,,,2,2,26,,,,,,,
"Stewart, Jeremy",RB,OAK,2012,4,25,101,,8,8,62,,,,,,,
"Stewart, Jeremy",RB,OAK,2013,13,2,2,1,2,2,6,,,,,,,
"Stewart, Jeremy",RB,DEN,2014,6,6,22,,,,,,,,,,,
"Stewart, Jonathan",RB,CAR,2012,9,93,336,1,23,17,157,1,,,,,,
"Stewart, Jonathan",RB,CAR,2013,6,48,180,,7,7,44,,,,,,,
"Stewart, Jonathan",RB,CAR,2014,13,175,809,3,31,25,181,1,,,,,,1
"Stills, Kenny",WR,NO,2013,16,3,10,,50,32,641,5,,,,,,
"Stills, Kenny",WR,NO,2014,15,1,-2,,83,63,931,3,,,,,,
"Stocker, Luke",TE,TBB,2012,16,,,,27,16,165,1,,,,,,
"Stocker, Luke",TE,TB,2013,2,,,,,,,,,,,,,
"Stocker, Luke",TE,TB,2014,13,,,,11,7,41,,,,,,,
"Stokley, Brandon",WR,DEN,2012,15,,,,58,45,544,5,,,,,,
"Stokley, Brandon",WR,BAL,2013,6,,,,21,13,115,,,,,,,
"Stoneburner, Jake",TE,GB,2013,9,,,,,,,,,,,,,
"Streater, Rod",WR,OAK,2012,16,,,,74,39,584,3,,,,,,1
"Streater, Rod",WR,OAK,2013,16,2,17,,99,60,888,4,,,,,,1
"Streater, Rod",WR,OAK,2014,3,,,,13,9,84,1,,,,,,
"Street, Devin",WR,DAL,2014,16,,,,7,2,18,,,,,,,
"Stroughter, Sammie",WR,TBB,2012,2,,,,2,1,14,,,,,,,
"Sudfeld, Zach",TE,NE,2013,14,,,,10,5,63,,,,,,,
"Sudfeld, Zach",TE,NYJ,2014,16,,,,7,5,85,,,,,,,
"Summers, Frank",RB,BUF,2013,15,12,46,1,8,7,79,1,,,,,,
"Summers, Frank",RB,BUF,2014,10,6,17,1,8,5,9,,,,,,,
"Supernaw, Phillip",TE,HOU,2013,1,,,,,,,,,,,,,
"Supernaw, Phillip",TE,BAL,2014,7,,,,3,3,30,,,,,,,
"Taliaferro, Lorenzo",RB,BAL,2014,13,68,292,4,10,8,114,,,,,,,1
"Talley, Julian",WR,NYG,2013,2,,,,2,0,0,,,,,,,
"Tamme, Jacob",TE,DEN,2012,16,,,,85,52,555,2,,,,,,
"Tamme, Jacob",TE,DEN,2013,16,,,,25,20,184,1,,,,,,
"Tamme, Jacob",TE,DEN,2014,15,,,,28,14,109,2,,,,,,1
"Tannehill, Ryan",QB,MIA,2012,16,49,211,2,,,,,484,282,3294,12,13,4
"Tannehill, Ryan",QB,MIA,2013,16,40,238,1,,,,,588,355,3913,24,17,5
"Tannehill, Ryan",QB,MIA,2014,16,56,311,1,,,,,590,392,4045,27,12,2
"Tanner, Phillip",RB,DAL,2012,14,25,61,,6,4,41,,,,,,,
"Tanner, Phillip",RB,DAL,2013,16,9,12,1,4,3,33,,,,,,,
"Tate, Ben",RB,HOU,2012,11,65,279,2,11,11,49,,,,,,,1
"Tate, Ben",RB,HOU,2013,14,181,771,4,49,34,140,,,,,,,2
"Tate, Ben",RB,CLE,2014,10,114,363,4,12,9,60,,,,,,,
"Tate, Brandon",WR,CIN,2012,16,1,0,,25,13,211,1,,,,,,1
"Tate, Brandon",WR,CIN,2013,16,,,,2,1,6,,,,,,,
"Tate, Brandon",WR,CIN,2014,16,3,21,,25,17,193,1,,,,,,1
"Tate, Golden",WR,SEA,2012,15,3,20,,67,45,688,7,,,,,,1
"Tate, Golden",WR,SEA,2013,16,3,31,,99,64,898,5,,,,,,
"Tate, Golden",WR,DET,2014,16,5,30,,144,99,1331,4,,,,,,
"Ta'ufo'ou, Will",RB,JAC,2012,6,,,,1,1,5,,,,,,,
"Ta'ufo'ou, Will",RB,JAC,2013,16,1,1,,15,10,40,,,,,,,
"Ta'ufo'ou, Will",RB,JAC,2014,16,,,,8,7,81,,,,,,,
"Taylor, Kerry",WR,ARI,2013,10,,,,34,22,229,1,,,,,,
"Taylor, Ryan",TE,GBP,2012,16,,,,1,1,11,,,,,,,
"Taylor, Ryan",TE,GB,2013,14,,,,9,6,30,,,,,,,
"Taylor, Stepfan",RB,ARI,2013,16,36,115,,9,8,71,,,,,,,
"Taylor, Stepfan",RB,ARI,2014,14,63,208,1,15,11,79,3,,,,,,
"Taylor, Tyrod",QB,BAL,2012,6,14,73,1,,,,,29,17,179,,1,
"Taylor, Tyrod",QB,BAL,2013,3,8,64,,,,,,5,1,2,,1,
"Taylor, Tyrod",QB,BAL,2014,1,4,-3,,,,,,0,0,0,,,
"Tebow, Tim",QB,NYJ,2012,12,32,102,,,,,,8,6,39,,,
"Thielen, Adam",WR,MIN,2014,16,,,,14,8,137,1,,,,,,
"Thigpen, Marcus",RB,MIA,2012,16,1,8,,2,1,15,,,,,,,1
"Thigpen, Marcus",RB,MIA,2013,16,6,18,,11,8,97,1,,,,,,
"Thigpen, Marcus",WR,TB,2014,9,,,,1,0,0,,,,,,,1
"Thigpen, Tyler",QB,BUF,2012,4,1,-1,,,,,,5,3,30,,,
"Thomas, Daniel",RB,MIA,2012,12,91,325,4,22,15,156,,,,,,,2
"Thomas, Daniel",RB,MIA,2013,15,109,406,4,17,15,63,2,,,,,,
"Thomas, Daniel",RB,MIA,2014,12,44,168,2,19,13,121,,,,,,,1
"Thomas, David",TE,NOS,2012,15,,,,17,11,86,4,,,,,,
"Thomas, De'Anthony",RB,KC,2014,12,14,113,1,31,23,156,,,,,,,
"Thomas, Demaryius",WR,DEN,2012,16,,,,141,94,1434,10,,,,,,3
"Thomas, Demaryius",WR,DEN,2013,16,,,,142,92,1430,14,,,,,,
"Thomas, Demaryius",WR,DEN,2014,16,,,,184,111,1619,11,,,,,,
"Thomas, Julius",TE,DEN,2013,14,,,,90,65,788,12,,,,,,
"Thomas, Julius",TE,DEN,2014,13,,,,62,43,489,12,,,,,,
"Thomas, Lamaar",WR,JAC,2013,2,,,,3,2,31,,,,,,,
"Thomas, Logan",QB,ARI,2014,2,,,,,,,,9,1,81,1,,
"Thomas, Mike",WR,JAC,2012,16,7,57,,40,18,108,1,,,,,,
"Thomas, Pierre",RB,NOS,2012,15,105,473,1,53,39,354,1,,,,,,
"Thomas, Pierre",RB,NO,2013,16,147,549,2,84,77,513,3,,,,,,1
"Thomas, Pierre",RB,NO,2014,11,45,222,2,55,45,378,1,,,,,,
"Thompkins, Kenbrell",WR,NE,2013,12,,,,69,32,466,4,,,,,,
"Thompkins, Kenbrell",WR,NE,2014,14,2,5,,48,21,262,,,,,,,
"Thompson, Chris",RB,WAS,2013,4,,,,,,,,,,,,,
"Thompson, Chris",RB,WAS,2014,2,3,12,,7,6,27,1,,,,,,
"Thompson, Deonte",WR,BAL,2012,6,,,,6,5,51,,,,,,,1
"Thompson, Deonte",WR,BAL,2013,7,,,,20,10,96,,,,,,,
"Thompson, Jordan",TE,DET,2014,2,,,,1,0,0,,,,,,,
"Thompson, Juwan",RB,DEN,2014,15,54,272,3,7,4,25,,,,,,,
"Thompson, Taylor",TE,TEN,2012,16,,,,13,6,46,,,,,,,
"Thompson, Taylor",TE,TEN,2013,16,,,,7,3,13,1,,,,,,
"Thompson, Taylor",TE,TEN,2014,3,,,,4,2,24,,,,,,,
"Tipton, Zurlon",RB,IND,2014,6,10,18,,6,6,68,1,,,,,,
"Todman, Jordan",RB,JAC,2012,1,3,8,,1,1,0,,,,,,,
"Todman, Jordan",RB,JAC,2013,16,76,256,2,26,14,116,1,,,,,,
"Todman, Jordan",RB,JAC,2014,16,32,186,1,37,25,198,1,,,,,,
"Toilolo, Levine",TE,ATL,2013,15,,,,15,11,55,2,,,,,,
"Toilolo, Levine",TE,ATL,2014,16,,,,53,31,238,2,,,,,,1
"Tolbert, Michael",RB,CAR,2012,16,54,183,7,37,27,268,,,,,,,
"Tolbert, Mike",RB,CAR,2013,16,101,361,5,33,27,184,2,,,,,,
"Tolbert, Mike",RB,CAR,2014,8,37,78,,17,12,93,,,,,,,
"Tolzien, Scott",QB,GB,2013,3,5,55,1,,,,,90,55,717,1,5,
"Toon, Nick",WR,NO,2013,8,,,,12,4,68,,,,,,,
"Toon, Nick",WR,NO,2014,4,,,,11,9,104,1,,,,,,
"Toston, Keith",RB,JAC,2012,6,17,74,,4,3,41,,,,,,,
"Toussaint, Fitzgerald",RB,BAL,2014,2,6,12,,6,3,27,,,,,,,
"Tucker, Matthew",RB,PHI,2013,2,,,,,,,,,,,,,
"Tuel, Jeff",QB,BUF,2013,2,3,17,,,,,,59,26,309,1,3,
"Tukuafu, Will",RB,SF,2013,2,,,,,,,,,,,,,
"Tukuafu, Will",RB,SEA,2014,9,1,2,,2,1,4,,,,,,,
"Turbin, Robert",RB,SEA,2012,16,80,354,,23,19,181,,,,,,,
"Turbin, Robert",RB,SEA,2013,16,77,264,,12,8,60,,,,,,,1
"Turbin, Robert",RB,SEA,2014,16,74,310,,20,16,186,2,,,,,,1
"Turner, Michael",RB,ATL,2012,16,223,803,10,30,19,128,1,,,,,,1
"Turner, Patrick",WR,NYJ,2012,2,,,,5,0,0,,,,,,,
"Tyms, Brian",WR,CLE,2013,8,,,,5,2,12,,,,,,,
"Tyms, Brian",WR,NE,2014,11,,,,11,5,82,1,,,,,,
"Underwood, Tiquan",WR,TBB,2012,14,1,1,,55,28,425,2,,,,,,
"Underwood, Tiquan",WR,TB,2013,12,,,,46,24,440,4,,,,,,
"Vaughan, Josh",RB,ATL,2013,6,1,1,,1,1,-5,,,,,,,
"Veldman, Matt",TE,DET,2013,1,,,,,,,,,,,,,
"Veltung, Justin",WR,STL,2013,3,,,,,,,,,,,,,
"Vereen, Shane",RB,NEP,2012,13,62,251,3,13,8,149,1,,,,,,1
"Vereen, Shane",RB,NE,2013,8,44,208,1,69,47,427,3,,,,,,
"Vereen, Shane",RB,NE,2014,16,96,391,2,77,52,447,3,,,,,,
"Vick, Michael",QB,PHI,2012,10,62,332,1,,,,,351,204,2362,12,10,5
"Vick, Michael",QB,PHI,2013,7,36,306,2,,,,,141,77,1215,5,3,2
"Vick, Michael",QB,NYJ,2014,10,26,153,,,,,,121,64,604,3,2,2
"Vickers, Lawrence",RB,DAL,2012,16,3,11,,16,13,104,,,,,,,
"Walker, Delanie",TE,SFO,2012,16,,,,39,21,344,3,,,,,,1
"Walker, Delanie",TE,TEN,2013,15,,,,86,60,571,6,,,,,,
"Walker, Delanie",TE,TEN,2014,15,,,,106,63,890,4,,,,,,
"Wallace, Mike",WR,PIT,2012,15,5,7,,119,64,836,8,,,,,,1
"Wallace, Mike",WR,MIA,2013,16,3,33,,138,73,930,5,,,,,,
"Wallace, Mike",WR,MIA,2014,16,4,16,,115,67,862,10,,,,,,1
"Wallace, Seneca",QB,GB,2013,3,,,,,,,,24,16,139,,1,
"Walter, Kevin",WR,HOU,2012,16,,,,68,41,518,2,,,,,,
"Walters, Bryan",WR,SEA,2013,4,,,,,,,,,,,,,
"Walters, Bryan",WR,SEA,2014,13,1,-2,,11,6,57,,,,,,,
"Ware, Danny",RB,TBB,2012,16,11,51,,20,14,100,,,,,,,
"Ware, Spencer",RB,SEA,2013,2,3,10,,,,,,,,,,,
"Washington, Corey",WR,NYG,2014,14,,,,8,5,52,1,,,,,,
"Washington, Leon",RB,NE,2013,7,1,1,,1,0,0,,,,,,,
"Washington, Leon",RB,TEN,2014,16,13,57,,31,22,159,2,,,,,,1
"Washington, Nate",WR,TEN,2012,16,,,,90,46,746,4,,,,,,
"Washington, Nate",WR,TEN,2013,16,,,,105,58,919,3,,,,,,
"Washington, Nate",WR,TEN,2014,16,,,,72,40,647,2,,,,,,
"Watkins, Sammy",WR,BUF,2014,16,2,8,,128,65,982,6,,,,,,1
"Watson, Benjamin",TE,CLE,2012,16,,,,82,49,501,3,,,,,,
"Watson, Benjamin",TE,NO,2013,15,,,,30,19,226,2,,,,,,
"Watson, Benjamin",TE,NO,2014,16,,,,31,20,136,2,,,,,,
"Watts, Trey",RB,STL,2014,14,7,30,,4,3,18,,,,,,,
"Wayne, Reggie",WR,IND,2012,16,1,-5,,195,106,1355,5,,,,,,1
"Wayne, Reggie",WR,IND,2013,7,1,5,,55,38,503,2,,,,,,
"Wayne, Reggie",WR,IND,2014,15,,,,116,64,779,2,,,,,,1
"Webb, Joe",QB,MIN,2012,1,1,-1,,,,,,,,,,,
"Webb, Joe",WR,MIN,2013,16,,,,11,5,33,,,,,,,
"Webb, Joe",QB,CAR,2014,7,,,,,,,,0,0,0,,,
"Weeden, Brandon",QB,CLE,2012,15,27,111,,,,,,517,297,3385,14,17,1
"Weeden, Brandon",QB,CLE,2013,8,12,44,,,,,,267,141,1731,9,9,2
"Weeden, Brandon",QB,DAL,2014,6,6,-1,,,,,,41,24,303,3,2,
"Weems, Eric",WR,CHI,2012,16,,,,4,2,27,,,,,,,
"Weems, Eric",WR,CHI,2013,16,,,,2,1,8,,,,,,,
"Weems, Eric",WR,ATL,2014,15,,,,11,10,102,2,,,,,,
"Welker, Wes",WR,NEP,2012,16,2,20,,175,118,1354,6,,,,,,1
"Welker, Wes",WR,DEN,2013,13,,,,111,73,778,10,,,,,,1
"Welker, Wes",WR,DEN,2014,14,,,,64,49,464,2,,,,,,
"Wells, Beanie",RB,ARI,2012,8,88,234,5,1,1,24,,,,,,,1
"West, Charcandrick",RB,KC,2014,6,,,,2,0,0,,,,,,,
"West, Terrance",RB,CLE,2014,14,171,673,4,13,11,64,1,,,,,,1
"Whalen, Griff",WR,IND,2013,9,,,,40,24,259,2,,,,,,
"Whalen, Griff",WR,IND,2014,10,,,,3,2,23,,,,,,,1
"Whalen, Ryan",WR,CIN,2012,9,,,,12,7,53,,,,,,,
"Whalen, Ryan",WR,CIN,2013,4,,,,,,,,,,,,,
"Wheaton, Markus",WR,PIT,2013,12,,,,13,6,64,,,,,,,
"Wheaton, Markus",WR,PIT,2014,16,4,19,,89,53,644,2,,,,,,
"White, James",RB,NE,2014,3,9,38,,5,5,23,,,,,,,
"White, Johnny",RB,BUF,2012,7,8,34,,,,,,,,,,,
"White, Jordan",WR,NYJ,2012,2,,,,3,1,13,,,,,,,
"White, Myles",WR,GB,2013,7,,,,12,9,66,,,,,,,
"White, Roddy",WR,ATL,2012,16,,,,143,92,1351,7,,,,,,
"White, Roddy",WR,ATL,2013,14,,,,97,63,711,3,,,,,,1
"White, Roddy",WR,ATL,2014,14,,,,124,80,921,7,,,,,,1
"Whitehurst, Charlie",QB,SD,2013,2,6,-5,,,,,,,,,,,
"Whitehurst, Charlie",QB,TEN,2014,7,20,90,,,,,,185,105,1326,7,2,
"Whittaker, Foswhitt",RB,SD,2013,14,29,80,,36,21,155,2,,,,,,
"Whittaker, Foswhitt",RB,CAR,2014,10,32,145,1,6,5,60,1,,,,,,
"Williams, Andre",RB,NYG,2014,16,217,721,7,35,18,130,,,,,,,
"Williams, Brandon",TE,CAR,2013,8,,,,,,,,,,,,,
"Williams, Brandon",TE,CAR,2014,14,,,,8,4,44,,,,,,,
"Williams, Chris",WR,CHI,2014,7,1,-8,,,,,,,,,,,
"Williams, D.J.",TE,GBP,2012,13,,,,15,7,57,,,,,,,
"Williams, D.J.",TE,JAC,2013,9,,,,3,0,0,,,,,,,
"Williams, Damian",WR,TEN,2012,13,,,,45,30,324,,,,,,,
"Williams, Damian",WR,TEN,2013,10,,,,23,15,178,,,,,,,1
"Williams, Damian",WR,MIA,2014,4,1,-1,,3,3,26,,,,,,,
"Williams, Damien",RB,MIA,2014,16,35,123,,25,19,175,1,,,,,,
"Williams, DeAngelo",RB,CAR,2012,16,173,737,5,20,13,187,2,,,,,,2
"Williams, DeAngelo",RB,CAR,2013,15,201,843,3,36,26,333,1,,,,,,2
"Williams, DeAngelo",RB,CAR,2014,6,63,219,,6,5,44,,,,,,,1
"Williams, Keiland",RB,DET,2012,12,2,3,,2,2,9,,,,,,,
"Williams, Kerwynn",RB,IND,2013,1,,,,,,,,,,,,,
"Williams, Kerwynn",RB,ARI,2014,5,53,246,,6,2,11,,,,,,,
"Williams, Kyle",WR,SFO,2012,11,4,21,,22,14,212,1,,,,,,
"Williams, Kyle",WR,SF,2013,10,2,23,,27,12,113,,,,,,,
"Williams, Mike",WR,TBB,2012,16,,,,126,63,996,9,,,,,,
"Williams, Mike",WR,TB,2013,6,,,,40,22,216,2,,,,,,
"Williams, Mike",WR,BUF,2014,9,,,,19,8,142,1,,,,,,
"Williams, Nick",WR,WAS,2013,5,,,,11,3,15,,,,,,,
"Williams, Ryan",RB,ARI,2012,5,58,164,,10,7,44,,,,,,,2
"Williams, Stephen",WR,SEA,2013,6,,,,4,0,0,,,,,,,
"Williams, Teddy",WR,ARI,2013,3,,,,1,1,51,,,,,,,
"Williams, Terrance",WR,DAL,2013,16,3,4,,74,44,736,5,,,,,,2
"Williams, Terrance",WR,DAL,2014,16,,,,65,37,621,8,,,,,,
"Willis, Matthew",WR,DEN,2012,15,,,,22,10,90,,,,,,,
"Willson, Luke",TE,SEA,2013,16,,,,28,20,272,1,,,,,,
"Willson, Luke",TE,SEA,2014,15,,,,40,22,362,3,,,,,,
"Wilson, Albert",WR,KC,2014,12,,,,28,16,260,,,,,,,
"Wilson, David",RB,NYG,2012,16,71,358,4,9,4,34,1,,,,,,1
"Wilson, David",RB,NYG,2013,5,44,146,1,6,2,8,,,,,,,2
"Wilson, Marquess",WR,CHI,2013,10,,,,3,2,13,,,,,,,
"Wilson, Marquess",WR,CHI,2014,7,,,,32,17,140,1,,,,,,
"Wilson, Russell",QB,SEA,2012,16,94,489,4,,,,,393,252,3118,26,10,3
"Wilson, Russell",QB,SEA,2013,16,96,539,1,,,,,407,257,3357,26,9,5
"Wilson, Russell",QB,SEA,2014,16,118,849,6,,,,,452,285,3475,20,7,
"Wingo, Ronnie",RB,BUF,2013,2,1,4,,1,1,2,,,,,,,
"Winn, George",RB,DET,2014,12,19,73,,3,0,0,,,,,,,
"Winslow, Kellen",TE,NEP,2012,1,,,,2,1,12,,,,,,,
"Winslow, Kellen",TE,NYJ,2013,12,,,,47,31,388,2,,,,,,
"Witten, Jason",TE,DAL,2012,16,,,,147,110,1039,3,,,,,,
"Witten, Jason",TE,DAL,2013,16,,,,111,73,851,8,,,,,,
"Witten, Jason",TE,DAL,2014,16,,,,90,64,703,5,,,,,,
"Wood, Cierre",RB,HOU,2013,3,3,9,,,,,,,,,,,
"Woodhead, Danny",RB,NEP,2012,16,76,301,4,55,40,446,3,,,,,,
"Woodhead, Danny",RB,SD,2013,16,106,429,2,87,76,605,6,,,,,,2
"Woodhead, Danny",RB,SD,2014,3,15,38,,6,5,34,,,,,,,
"Woods, Robert",WR,BUF,2013,14,2,16,,85,40,587,3,,,,,,
"Woods, Robert",WR,BUF,2014,16,,,,104,65,699,5,,,,,,1
"Wright, James",WR,CIN,2014,11,3,30,,16,5,91,,,,,,,
"Wright, Jarius",WR,MIN,2012,7,2,11,,36,22,310,2,,,,,,
"Wright, Jarius",WR,MIN,2013,16,,,,43,26,434,3,,,,,,
"Wright, Jarius",WR,MIN,2014,16,5,71,,62,42,588,2,,,,,,
"Wright, Kendall",WR,TEN,2012,15,1,4,,104,64,626,4,,,,,,1
"Wright, Kendall",WR,TEN,2013,16,,,,139,94,1079,2,,,,,,
"Wright, Kendall",WR,TEN,2014,14,4,54,,93,57,715,6,,,,,,1
"Wright, Timothy",TE,TB,2013,16,1,2,,76,54,571,5,,,,,,
"Wright, Timothy",TE,NE,2014,16,1,-2,,33,26,259,6,,,,,,
"Wylie, Devon",WR,KCC,2012,6,,,,12,6,53,,,,,,,
"Yates, T.J.",QB,HOU,2012,4,2,-1,1,,,,,10,4,38,,1,1
"Yates, T.J.",QB,HOU,2013,3,1,0,,,,,,22,15,113,,2,
"Yates, T.J.",QB,ATL,2014,2,,,,,,,,4,3,64,,1,
"Young, Darrel",RB,WAS,2012,16,14,60,,9,8,109,2,,,,,,
"Young, Darrel",RB,WAS,2013,13,12,41,3,9,4,71,1,,,,,,
"Young, Darrel",RB,WAS,2014,16,9,22,3,14,11,81,2,,,,,,
"Young, Titus",WR,DET,2012,10,2,16,,56,33,383,4,,,,,,
